,# Ref_Pos,Var,Cons,Strd_bias_pval,Type,Var_perc,SNP_or_LP_Profile,,,,
0,44,G,A,0.1864,snp,0.7411,A:14444:5228,C:3:4,G:115:32,T:4:5,
1,50,G,A,0.5239,snp,4.188,A:15261:5556,C:9:8,G:659:252,T:5:2,
2,65,G,A,0.1225,snp,0.1735,A:19169:7287,C:1:11,G:8:38,,
3,67,D1,i,1,lp,0.05549,D1:4:11,i:19533:7485,,,
4,79,T,C,0.1653,snp,0.07615,A:3:5,C:22406:9066,G:5:9,T:10:14,
5,101,T,C,0.7872,snp,0.04567,A:3:8,C:22641:10166,G:9:2,T:5:10,
6,103,D1,i,0.7251,lp,0.06056,D1:13:7,i:22659:10348,,,
7,104,G,A,0.05269,snp,0.3147,A:22550:10391,C:2:0,G:62:42,T:2:0,
8,109,D1,i,0.932,lp,0.06378,D1:14:7,i:22225:10682,,,
9,210,T,C,0.5719,snp,0.09678,A:5:6,C:20502:24899,G:2:8,T:26:18,
10,237,IT,d,0.05187,lp,0.02164,IT:9:1,d:19870:26341,,,
11,238,D1,i,0.5574,lp,0.01073,D1:4:1,i:19994:26613,,,
12,241,A,G,0.2261,snp,0.05596,A:18:8,C:1:5,G:19727:26681,T:11:11,
13,275,T,C,0.243,snp,0.05995,A:5:4,C:22144:32848,G:6:5,T:10:23,
14,292,T,C,0.3521,snp,0.05258,A:9:13,C:21748:33336,G:6:9,T:20:9,
15,294,T,G,0.3394,snp,0.0835,A:11:10,C:1:5,G:21729:33288,T:31:15,
16,309,C,T,0.23,snp,0.1024,A:16:15,C:19:40,G:84:11,T:22846:34598,
17,396,D1,i,0.8053,lp,0.1067,D1:25:32,D2:0:3,i:22549:30823,,
18,432,G,A,0.7772,snp,0.3006,A:22794:27260,C:1:18,G:67:84,T:2:7,
19,434,C,T,0.9237,snp,0.1682,A:15:8,C:39:46,G:33:8,T:22844:27554,
20,448,G,A,0.7039,snp,0.09,A:22994:28051,C:1:6,G:24:22,T:2:9,
21,458,IC,d,0.7671,lp,0.01581,IC:5:3,d:22486:28098,,,
22,461,T,G,0.5466,snp,0.05487,A:4:3,C:4:8,G:22607:28379,T:14:14,
23,466,T,G,0.4101,snp,0.2226,A:6:4,C:0:3,G:22688:28402,T:55:59,
24,514,C,A,0.3799,snp,0.07342,A:22687:28988,C:24:14,G:22:13,T:3:6,
25,533,A,T,0.0414,snp,0.03136,A:3:13,C:15:21,G:5:20,T:22458:28489,
26,536,T,C,0.08252,snp,0.2982,A:11:8,C:22255:28206,G:6:4,T:56:95,
27,537,C,G,0.7269,snp,0.1366,A:9:14,C:29:40,G:22240:28162,T:10:18,
28,539,C,T,0.07331,snp,0.1103,A:2:2,C:18:38,G:4:1,T:22324:28383,
29,544,G,A,0.2511,snp,0.2612,A:22362:28348,C:1:46,G:81:52,T:5:23,
30,555,D1,i,0.4911,lp,0.04751,D1:15:9,i:22463:28031,,,
31,588,D1,i,0.9512,lp,0.06384,D1:17:14,i:22181:26345,,,
32,596,G,T,0.604,snp,0.3767,A:2:5,C:13:18,G:94:86,T:21811:25756,
33,597,T,G,0.3336,snp,0.3989,A:9:4,C:7:9,G:21793:25619,T:96:94,
34,606,C,T,0.51,snp,0.4136,A:4:5,C:85:109,G:9:1,T:21558:25136,
35,716,G,C,0.1723,snp,0.3901,A:15:19,C:17972:21546,G:62:93,T:7:15,
36,722,C,A,0.05536,snp,0.3188,A:17710:21612,C:46:80,G:16:38,T:7:12,
37,725,G,C,0.5815,snp,0.1582,A:6:6,C:17773:21966,G:37:26,T:8:10,
38,751,A,G,0.6115,snp,0.1581,A:32:30,C:7:6,G:17676:21459,T:8:6,
39,756,T,G,0.5759,snp,0.1191,A:18:174,C:3:9,G:17686:20698,T:23:23,
40,767,C,A,0.05547,snp,0.03708,A:17718:19974,C:3:11,G:8:16,T:3:19,
41,776,A,T,0.2361,snp,0.03494,A:4:9,C:20:15,G:10:0,T:17517:19634,
42,778,A,G,0.7292,snp,0.06207,A:13:10,C:6:0,G:17422:19585,T:8:12,
43,780,D2,i,0.3799,lp,0.01345,D2:1:4,i:17418:19751,,,
44,818,T,C,0.1357,snp,0.57,A:3:14,C:18480:19169,G:6:6,T:95:121,
45,840,G,A,0.04864,snp,0.1334,A:19433:18738,C:0:11,G:18:33,T:2:3,
46,841,G,T,0.07045,snp,0.04703,A:9:12,C:9:22,G:13:5,T:19456:18750,
47,849,T,C,0.9903,snp,0.3798,A:2:1,C:19688:18336,G:3:6,T:75:70,
48,870,T,C,0.8654,snp,0.7241,A:7:7,C:20494:18007,G:7:5,T:151:130,
49,884,G,T,0.0757,snp,0.8783,A:10:6,C:26:22,G:198:151,T:20431:18893,
50,922,A,G,0.9646,snp,0.09596,A:20:21,C:1:7,G:22004:20659,T:5:7,
51,928,C,T,0.8985,snp,0.3276,A:2:7,C:76:68,G:14:1,T:22873:20913,
52,994,C,G,0.03451,snp,0.1099,A:12:4,C:34:18,G:23945:23265,T:6:14,
53,998,C,T,0.06551,snp,0.2046,A:1:4,C:58:39,G:2:4,T:23859:23443,
54,1083,C,T,0.04764,snp,0.3136,A:6:7,C:67:93,G:2:0,T:25277:25567,
55,1085,T,C,0.2327,snp,0.08228,A:3:4,C:25336:25654,G:2:2,T:17:25,
56,1111,T,G,0.2285,snp,0.04693,A:11:7,C:7:1,G:25435:25657,T:9:15,
57,1120,T,A,0.9743,snp,0.1231,A:25023:26050,C:10:4,G:22:20,T:31:32,
58,1148,G,A,0.4998,snp,0.07864,A:25612:26468,C:0:4,G:18:23,T:5:7,
59,1149,D1,i,0.06031,lp,0.04977,D1:8:18,i:25686:26530,,,
60,1152,IA,d,0.4533,lp,0.01351,IA:2:5,d:25612:26212,,,
61,1172,A,C,0.04623,snp,0.07813,A:14:27,C:26028:26339,G:34:20,T:6:6,
62,1210,T,A,0.6483,snp,0.02649,A:25838:26944,C:2:1,G:22:24,T:6:8,
63,1214,IT,d,0.04293,lp,0.01712,IT:1:8,d:25818:26739,,,
64,1227,D1,i,0.2858,lp,0.07036,D1:22:15,i:25916:26634,,,
65,1247,G,A,0.5392,snp,0.07262,A:24578:26316,C:6:7,G:21:16,T:1:4,
66,1268,D1,i,0.6127,lp,0.04504,D1:10:13,i:24889:26159,,,
67,1272,D1,i,0.03662,lp,0.05472,D1:8:20,i:24708:26433,,,
68,1306,A,G,0.9114,snp,0.05646,A:14:16,C:7:5,G:25289:27773,T:26:6,
69,1333,G,A,0.1742,snp,0.202,A:25202:27559,C:4:50,G:44:63,T:5:45,
70,1342,G,A,0.2101,snp,0.1019,A:25101:27847,C:1:1,G:21:33,T:6:5,
71,1344,T,A,0.598,snp,0.04913,A:25083:27763,C:8:4,G:21:19,T:11:15,
72,1344,C,A,0.327,snp,0.02267,A:25083:27763,C:8:4,G:21:19,T:11:15,
73,1387,IT,d,0.2831,lp,0.04056,IT:13:8,d:25780:25978,,,
74,1388,D1,i,0.1209,lp,0.04971,D1:9:17,i:26048:26227,,,
75,1397,T,A,0.7209,snp,0.0449,A:26415:26966,C:5:6,G:15:19,T:11:13,
76,1399,A,G,0.8818,snp,0.03899,A:10:11,C:6:6,G:26490:27313,T:14:8,
77,1418,T,C,0.4936,snp,0.1022,A:10:13,C:26948:28730,G:6:11,T:25:32,
78,1500,G,A,0.3091,snp,0.6846,A:26549:29865,C:2:6,G:173:216,T:5:8,
79,1501,G,A,0.3313,snp,0.7267,A:26901:30327,C:1:3,G:232:187,T:4:2,
80,1505,D1,i,0.7595,lp,0.01725,D1:4:6,i:27170:30798,,,
81,1517,A,G,0.4332,snp,0.3267,A:85:107,C:3:7,G:27578:30968,T:11:16,
82,1554,A,T,0.08164,snp,0.02129,A:3:10,C:20:25,G:7:5,T:28787:32218,
83,1555,A,G,0.7689,snp,0.04419,A:12:15,C:9:10,G:28850:32183,T:9:12,
84,1560,A,C,0.4384,snp,0.04871,A:12:18,C:28961:32575,G:3:2,T:6:8,
85,1573,D2,i,0.4545,lp,0.03702,D2:9:14,i:29133:32965,,,
86,1599,T,C,0.5536,snp,1.108,A:13:8,C:29079:33430,G:5:7,T:334:367,
87,1652,A,G,0.061,snp,1.199,A:377:417,C:10:8,G:28871:36501,T:15:31,
88,1669,D1,i,0.05171,lp,0.01513,D1:9:1,i:28517:37566,,,
89,1678,G,A,0.7437,snp,0.1119,A:29822:37054,C:4:64,G:32:43,T:6:22,
90,1705,A,G,0.4411,snp,0.1348,A:36:53,C:7:12,G:29325:36544,T:9:23,
91,1743,D1,i,0.7069,lp,0.05364,D1:17:19,i:29589:37492,,,
92,1751,A,T,0.4573,snp,0.01791,A:4:8,C:24:29,G:4:14,T:29440:37485,
93,1766,T,C,0.3559,snp,0.4202,A:9:12,C:28589:38205,G:3:12,T:113:169,
94,1780,A,G,0.3497,snp,0.0474,A:11:21,C:2:4,G:28697:38745,T:16:21,
95,1825,D1,i,0.0731,lp,0.01718,D1:10:2,i:29493:40359,,,
96,1831,T,A,0.7114,snp,0.204,A:29432:40473,C:2:9,G:15:38,T:58:85,
97,1834,C,G,0.7826,snp,0.01852,A:5:13,C:6:7,G:29720:40412,T:9:15,
98,1838,T,A,0.1749,snp,0.06558,A:29756:40270,C:1:12,G:36:25,T:15:31,
99,1844,D1,i,0.3328,lp,0.02717,D1:6:13,i:29755:40148,,,
100,1849,C,T,0.08087,snp,0.113,A:82:828,C:26:54,G:4:16,T:29715:40070,
101,1877,G,T,0.4278,snp,0.05823,A:5:6,C:13:44,G:22:20,T:29959:42057,
102,1938,IT,d,0.2185,lp,0.01566,IT:9:2,d:28884:41360,,,
103,1942,A,G,0.9662,snp,0.03812,A:16:11,C:8:18,G:29110:41639,T:12:16,
104,2012,C,T,0.7892,snp,0.08547,A:3:1,C:32:23,G:6:3,T:28028:36254,
105,2202,T,C,0.2652,snp,0.2596,A:6:154,C:24832:30317,G:2:10,T:58:86,
106,2203,D1,i,0.6585,lp,0.04867,D1:16:11,i:24938:30513,,,
107,2274,A,C,0.786,snp,2.55,A:642:767,C:24721:29092,G:8:11,T:4:14,
108,2277,T,A,0.04389,snp,0.03254,A:25353:29884,C:12:14,G:14:22,T:4:14,
109,2320,D1,i,0.1247,lp,0.03285,D1:5:13,i:25092:29678,,,
110,2328,T,C,0.8318,snp,0.7222,A:5:3,C:24856:29421,G:5:9,T:183:212,
111,2328,D1,i,0.4646,lp,0.0128,D1:5:2,i:25049:29645,,,
112,2329,T,G,0.7959,snp,0.05306,A:12:22,C:4:4,G:25046:29535,T:15:14,
113,2349,A,G,0.2297,snp,0.06722,A:13:23,C:5:7,G:24653:28834,T:10:9,
114,2356,C,T,0.1832,snp,0.4202,A:8:6,C:92:132,G:6:2,T:24144:28918,
115,2360,IG,d,0.9278,lp,0.07561,IG:18:22,d:24166:28697,,,
116,2361,D1,i,0.6263,lp,0.06726,D1:15:21,i:24449:29037,,,
117,2376,T,G,0.105,snp,0.06,A:101:110,C:1:4,G:24164:28923,T:22:10,
118,2376,A,G,0.4961,snp,0.3956,A:101:110,C:1:4,G:24164:28923,T:22:10,
119,2378,T,G,0.06619,snp,0.08252,A:12:14,C:2:3,G:24290:28956,T:30:14,
120,2378,D1,i,0.1257,lp,0.01875,D1:8:2,i:24334:28987,,,
121,2395,G,C,0.08547,snp,0.03525,A:12:13,C:24748:29078,G:5:14,T:17:15,
122,2396,C,G,0.4704,snp,0.03897,A:14:23,C:8:13,G:24734:29092,T:2:2,
123,2415,T,C,0.669,snp,0.2782,A:6:11,C:25218:29248,G:4:7,T:73:79,
124,2446,C,T,0.2544,snp,0.181,A:3:2,C:41:60,G:9:4,T:25752:29931,
125,2448,T,C,0.3965,snp,0.6233,A:8:12,C:25668:29782,G:6:5,T:169:179,
126,2511,G,A,0.7642,snp,0.1103,A:26057:30040,C:15:4,G:30:32,T:31:5,
127,2515,T,G,0.05307,snp,0.1137,A:7:12,C:3:8,G:26096:30088,T:42:22,
128,2529,T,C,0.421,snp,0.1636,A:7:13,C:26128:29374,G:9:11,T:52:39,
129,2592,T,C,0.2868,snp,0.06853,A:8:11,C:25058:27413,G:7:1,T:22:14,
130,2658,D1,i,0.1031,lp,0.04969,D1:8:17,i:24284:25998,,,
131,2658,T,G,0.08708,snp,0.0895,A:21:176,C:9:15,G:24238:25778,T:16:29,
132,2673,T,G,0.3661,snp,0.05618,A:4:7,C:3:6,G:23812:25978,T:17:11,
133,2674,T,G,0.5503,snp,0.02997,A:23:20,C:4:4,G:23842:26142,T:9:6,
134,2675,G,A,0.1504,snp,0.1057,A:23827:26209,C:3:5,G:33:20,T:11:23,
135,2719,IT,d,0.1268,lp,0.01442,IT:6:1,d:23359:25179,,,
136,2721,T,G,0.141,snp,0.05935,A:37:8,C:6:4,G:23470:25312,T:19:10,
137,2730,C,T,0.1577,snp,0.09875,A:18:11,C:30:18,G:51:15,T:23089:25374,
138,2733,T,C,0.7053,snp,0.1316,A:11:7,C:23112:25394,G:7:23,T:32:32,
139,2735,D1,i,0.2316,lp,0.01232,D1:1:5,i:23272:25428,,,
140,2826,D1,i,0.7031,lp,0.05019,D1:13:11,i:24027:23764,,,
141,2834,D1,i,0.4694,lp,0.03542,D1:7:10,i:24009:23963,,,
142,2839,D1,i,0.09205,lp,0.03537,D1:5:12,i:24096:23947,,,
143,2857,C,A,0.03527,snp,0.06827,A:24796:23448,C:10:23,G:16:13,T:3:27,
144,2859,D1,i,0.09002,lp,0.0165,D1:1:7,i:24890:23584,,,
145,2883,A,G,0.8662,snp,0.1123,A:27:30,C:7:0,G:26085:24563,T:16:9,
146,2892,T,G,0.03833,snp,0.2891,A:15:11,C:6:15,G:26641:25047,T:60:90,
147,2931,G,A,0.08106,snp,0.1288,A:27717:25768,C:1:5,G:43:26,T:2:2,
148,3036,A,G,0.9756,snp,0.198,A:53:52,C:7:9,G:26269:26613,T:10:10,
149,3051,A,C,0.3419,snp,0.09026,A:20:28,C:25760:27313,G:1:4,T:21:32,
150,3055,G,A,0.3434,snp,0.191,A:25470:27291,C:5:4,G:57:44,T:7:3,
151,3093,A,T,0.07819,snp,5.112,A:1193:1477,C:17:16,G:7:1,T:22985:26534,
152,3107,D1,i,0.6871,lp,0.04579,D1:10:14,i:23974:28413,,,
153,3156,C,T,0.9812,snp,0.4655,A:9:2,C:103:133,G:7:2,T:21967:28470,
154,3179,D1,i,0.4512,lp,0.02834,D1:7:7,i:19815:29564,,,
155,3191,C,T,0.9395,snp,0.114,A:11:20,C:21:34,G:1:6,T:18627:29522,
156,3213,A,G,0.2584,snp,0.1389,A:36:27,C:5:5,G:16295:28963,T:12:10,
157,3290,IT,d,0.5839,lp,0.05035,IT:12:7,d:16244:21476,,,
158,3292,IT,d,0.4234,lp,0.09305,IT:22:13,d:16482:21096,,,
159,3300,T,C,0.4645,snp,2.271,A:12:9,C:16799:19698,G:3:12,T:380:469,
160,3366,T,C,0.4579,snp,0.3837,A:6:6,C:16870:13495,G:2:0,T:69:48,
161,3381,T,C,0.6521,snp,0.4447,A:9:6,C:17290:14695,G:6:4,T:80:63,
162,3396,G,A,0.2759,snp,0.09715,A:17343:16585,C:3:1,G:13:20,T:2:1,
163,3409,G,A,0.684,snp,0.2704,A:17322:17333,C:1:7,G:45:49,T:1:2,
164,3415,C,T,0.8736,snp,0.2008,A:2:19,C:34:38,G:4:4,T:17230:18530,
165,3441,T,A,0.2551,snp,0.1245,A:16708:20168,C:1:2,G:10:6,T:29:17,
166,3444,C,T,0.7714,snp,0.1789,A:2:0,C:35:31,G:3:4,T:16640:20186,
167,3445,A,G,0.3647,snp,0.1326,A:30:19,C:2:1,G:16674:20203,T:17:14,
168,3451,C,G,0.6006,snp,0.1067,A:12:7,C:23:16,G:16489:20005,T:10:6,
169,3462,A,T,0.5969,snp,0.2859,A:56:51,C:7:9,G:4:2,T:16827:20473,
170,3493,A,G,0.5188,snp,0.06904,A:10:15,C:1:10,G:16790:19363,T:12:8,
171,3501,T,C,0.1315,snp,0.1381,A:10:40,C:16859:19252,G:2:3,T:18:32,
172,3511,C,T,0.2738,snp,0.1903,A:15:76,C:37:27,G:41:5,T:17054:16379,
173,3525,D1,i,0.6143,lp,0.03994,D1:6:8,i:17661:17375,,,
174,3557,C,T,0.7935,snp,0.1025,A:4:3,C:19:18,G:7:6,T:19278:16757,
175,3566,C,T,0.2598,snp,0.09654,A:3:4,C:13:22,G:5:2,T:19315:16890,
176,3620,A,T,0.192,snp,0.2812,A:44:62,C:9:18,G:11:4,T:19585:17965,
177,3637,T,C,0.3249,snp,0.2722,A:2:2,C:19410:18312,G:5:4,T:58:45,
178,3654,T,C,0.6192,snp,0.08176,A:8:4,C:19066:18794,G:9:2,T:14:17,
179,3657,D1,i,0.2868,lp,0.05589,D1:13:8,i:18673:18883,,,
180,3663,A,T,0.9453,snp,0.05736,A:12:11,C:9:13,G:3:5,T:21184:18863,
181,3664,D1,i,0.4105,lp,0.08709,D1:21:14,D2:1:1,i:21303:18850,,
182,3684,C,T,0.346,snp,1.162,A:5:4,C:218:264,G:8:4,T:21557:19417,
183,3687,C,G,0.8913,snp,0.2137,A:5:5,C:46:43,G:21772:19771,T:5:3,
184,3708,D1,i,0.7335,lp,0.1227,D1:26:27,i:22986:20157,,,
185,3728,T,C,0.3739,snp,0.2512,A:7:6,C:23536:20917,G:0:2,T:64:48,
186,3738,D1,i,0.9264,lp,0.02428,D1:6:5,i:24079:21221,,,
187,3753,T,C,0.5648,snp,0.3695,A:4:2,C:23918:21371,G:4:1,T:83:85,
188,3762,T,C,0.5012,snp,0.4936,A:6:13,C:23769:21565,G:4:4,T:102:123,
189,3773,C,T,0.03656,snp,0.1625,A:8:5,C:49:26,G:0:2,T:24542:21521,
190,3779,C,T,0.5609,snp,0.1026,A:12:1,C:20:28,G:8:1,T:25279:21420,
191,3783,G,A,0.08152,snp,0.1803,A:25450:21565,C:3:14,G:54:31,T:5:15,
192,3796,IC,d,0.04639,lp,0.04422,IC:5:16,d:25889:21576,,,
193,3799,A,G,0.8208,snp,0.0623,A:17:13,C:6:2,G:26266:21834,T:7:9,
194,3804,C,G,0.7607,snp,0.04953,A:18:13,C:10:14,G:26731:21648,T:5:16,
195,3826,D1,i,0.377,lp,0.06221,D1:20:11,i:28212:21588,,,
196,3864,T,C,0.03719,snp,0.4748,A:15:11,C:28908:21567,G:10:2,T:122:119,
197,4011,G,A,0.1497,snp,0.1168,A:31697:26436,C:3:4,G:43:25,T:10:1,
198,4021,T,C,0.9106,snp,0.05441,A:9:9,C:31790:26963,G:12:2,T:15:17,
199,4057,D1,i,0.1981,lp,0.04783,D1:19:10,i:32480:28120,,,
200,4109,IA,d,0.5606,lp,0.2054,IA:70:55,IAA:0:1,d:32433:28301,,
201,4110,D1,i,0.7009,lp,0.2132,D1:68:63,D2:1:0,i:32855:28461,,
202,4120,A,G,0.9931,snp,0.1632,A:54:47,C:7:2,G:33035:28707,T:9:8,
203,4121,C,G,0.2775,snp,0.04848,A:9:4,C:11:19,G:33030:28783,T:12:8,
204,4132,T,C,0.2133,snp,2.739,A:7:9,C:32010:27902,G:13:9,T:876:812,
205,4201,A,G,0.3662,snp,0.133,A:34:44,C:6:6,G:30019:28516,T:22:10,
206,4210,T,C,0.47,snp,0.06052,A:16:9,C:29476:28283,G:3:6,T:15:20,
207,4211,T,G,0.1497,snp,0.06933,A:9:13,C:7:6,G:29451:28167,T:15:25,
208,4212,A,T,0.5711,snp,0.06284,A:16:20,C:23:29,G:32:3,T:29048:28115,
209,4212,C,T,0.477,snp,0.09077,A:16:20,C:23:29,G:32:3,T:29048:28115,
210,4269,T,C,0.261,snp,0.4508,A:7:18,C:27374:29336,G:7:11,T:115:142,
211,4316,C,T,0.3661,snp,0.08359,A:6:2,C:20:29,G:4:4,T:27672:30880,
212,4355,D1,i,0.8515,lp,0.01015,D1:2:4,i:27634:31464,,,
213,4356,G,T,1.019,snp,0.01355,A:2:3,C:16:25,G:4:4,T:27580:31417,
214,4366,C,A,0.6967,snp,0.04757,A:27360:31429,C:12:16,G:13:22,T:3:5,
215,4367,G,C,0.2272,snp,0.03575,A:10:11,C:27285:31413,G:14:7,T:1:7,
216,4401,T,C,0.7594,snp,0.3803,A:6:12,C:26901:29912,G:6:5,T:105:112,
217,4548,T,C,0.8346,snp,0.3509,A:8:8,C:28237:29100,G:8:5,T:98:104,
218,4625,D1,i,0.8462,lp,0.07225,D1:21:21,D2:1:0,i:29915:28177,,
219,4650,IA,d,0.9593,lp,0.04735,IA:14:13,d:29276:27724,,,
220,4651,D1,i,0.7583,lp,0.1402,D1:38:43,D2:1:0,i:29640:28053,,
221,4656,D1,i,0.9253,lp,0.06537,D1:20:18,D2:0:2,i:30136:27959,,
222,4677,IA,d,0.0419,lp,0.01551,IA:1:8,d:29779:28238,,,
223,4704,T,C,0.7806,snp,0.7051,A:16:10,C:29147:28402,G:11:9,T:199:210,
224,4708,D1,i,0.8138,lp,0.006908,D1:1:3,i:29214:28690,,,
225,4710,IA,d,1,lp,0.005237,IA:1:2,IC:0:1,d:28824:28459,,
226,4745,D1,i,0.8899,lp,0.0566,D1:17:16,i:29317:28956,,,
227,4757,D1,i,0.1536,lp,0.05136,D1:19:11,i:29014:29371,,,
228,4786,G,A,0.3576,snp,0.09354,A:28162:29490,C:3:7,G:23:31,T:12:3,
229,4786,D1,i,0.1132,lp,0.01732,D1:8:2,i:28200:29531,,,
230,4790,T,G,0.09141,snp,0.05214,A:12:2,C:0:5,G:28019:29471,T:20:10,
231,4791,D1,i,0.1919,lp,0.03124,D1:6:12,i:28056:29543,,,
232,4802,T,G,0.2178,snp,0.06393,A:14:12,C:10:5,G:29363:29998,T:15:23,
233,4806,T,G,0.6936,snp,0.06503,A:16:21,C:6:2,G:29530:30358,T:21:18,
234,4817,D1,i,0.9085,lp,0.03828,D1:11:12,D2:1:0,D3:0:1,i:29444:30616,
235,4864,D1,i,0.3025,lp,0.01282,D1:2:6,i:30267:32112,,,
236,4866,C,G,0.8765,snp,0.1169,A:6:4,C:36:37,G:30171:32147,T:12:27,
237,4867,A,C,0.2598,snp,0.04641,A:11:18,C:30212:32207,G:5:6,T:4:18,
238,4869,C,G,0.1544,snp,0.08013,A:12:14,C:31:19,G:29947:32354,T:10:11,
239,4869,A,G,0.8443,snp,0.04167,A:12:14,C:31:19,G:29947:32354,T:10:11,
240,4915,T,C,0.3909,snp,0.04929,A:5:8,C:31266:33593,G:8:7,T:19:13,
241,5001,D1,i,0.8368,lp,0.06048,D1:20:20,i:31972:34124,,,
242,5050,G,A,0.7493,snp,1.119,A:32369:33834,C:3:8,G:371:379,T:16:30,
243,5057,D1,i,0.7211,lp,0.02692,D1:8:10,i:32518:34321,,,
244,5094,T,C,0.4996,snp,0.4226,A:22:18,C:29790:33537,G:4:13,T:121:148,
245,5140,T,G,0.7219,snp,0.08405,A:21:27,C:15:11,G:27611:31756,T:22:28,
246,5148,T,C,0.7105,snp,0.2713,A:12:10,C:27319:32198,G:6:13,T:72:90,
247,5161,T,C,0.09085,snp,0.6138,A:8:10,C:27152:32399,G:8:7,T:184:184,
248,5166,IA,d,0.9878,lp,0.1403,IA:38:45,IAA:0:1,d:27000:32081,,
249,5167,D1,i,0.5173,lp,0.132,D1:39:40,i:27333:32430,,,
250,5193,D1,i,0.8523,lp,0.0425,D1:14:11,D2:3:6,i:26958:31828,,
251,5234,D2,i,0.223,lp,0.01068,D1:0:19,D2:1:5,i:26528:29606,,
252,5297,T,C,0.3248,snp,0.4914,A:13:21,C:25466:29761,G:10:12,T:134:139,
253,5300,T,C,0.6739,snp,0.05946,A:11:8,C:25519:29895,G:27:6,T:19:14,
254,5354,D1,i,0.8118,lp,0.02585,D1:6:8,i:24925:29225,,,
255,5355,C,G,0.3355,snp,0.07203,A:9:61,C:15:24,G:24950:29065,T:13:9,
256,5357,A,C,0.6362,snp,0.07412,A:17:23,C:24893:28960,G:12:8,T:27:30,
257,5428,IA,d,0.1279,lp,0.01256,IA:1:6,d:26565:29180,,,
258,5429,A,C,0.2849,snp,0.03919,A:8:14,C:26777:29306,G:8:4,T:12:8,
259,5430,A,T,0.1023,snp,0.02669,A:4:11,C:15:35,G:4:5,T:26809:29328,
260,5461,T,A,0.2824,snp,0.03896,A:26956:29433,C:2:5,G:32:21,T:14:8,
261,5481,T,C,0.8292,snp,0.3384,A:11:17,C:26059:28984,G:3:3,T:90:97,
262,5515,G,T,0.9353,snp,0.03555,A:6:22,C:23:28,G:9:10,T:25773:27569,
263,5516,A,C,0.04183,snp,0.04682,A:7:18,C:25787:27554,G:2:6,T:13:8,
264,5519,T,C,0.1735,snp,0.08821,A:13:19,C:25652:27543,G:7:3,T:18:29,
265,5577,C,T,0.03593,snp,0.3195,A:2:8,C:69:107,G:6:5,T:25858:29027,
266,5578,G,T,0.9482,snp,0.02357,A:7:6,C:15:24,G:6:7,T:25927:29170,
267,5580,G,A,0.8324,snp,0.1064,A:26097:29260,C:5:10,G:27:32,T:5:6,
268,5595,IT,d,0.5597,lp,0.06003,IT:14:20,d:26131:30473,,,
269,5626,D1,i,0.2887,lp,0.02248,D1:9:4,i:26256:31550,,,
270,5627,T,A,0.8388,snp,0.03636,A:26189:31485,C:4:10,G:20:20,T:11:10,
271,5709,T,C,0.6778,snp,0.9623,A:10:30,C:26542:33522,G:1:2,T:263:321,
272,5710,G,A,0.5131,snp,0.12,A:26781:33934,C:5:4,G:38:35,T:35:2,
273,5753,T,A,0.05534,snp,0.02757,A:29134:36077,C:2:7,G:25:22,T:4:14,
274,5756,G,A,0.3576,snp,0.5274,A:29135:35734,C:2:4,G:146:198,T:6:3,
275,5798,IA,d,0.4792,lp,0.137,IA:44:44,d:29659:34487,,,
276,5853,D1,i,0.881,lp,0.04056,D1:13:13,D2:1:0,i:31095:32976,,
277,5894,G,A,0.5821,snp,0.1052,A:32950:32527,C:2:7,G:32:37,T:3:16,
278,5898,C,T,0.6705,snp,0.1322,A:38:16,C:46:41,G:126:0,T:33083:32454,
279,5911,C,A,0.2854,snp,0.08471,A:32992:32982,C:24:32,G:28:35,T:7:7,
280,5912,C,T,0.8486,snp,0.1088,A:8:6,C:37:35,G:2:8,T:32878:33222,
281,5914,G,A,0.1733,snp,0.1026,A:32713:33459,C:5:4,G:28:40,T:8:10,
282,5915,A,T,0.437,snp,0.0365,A:10:14,C:38:31,G:5:5,T:32563:33094,
283,5916,IC,d,0.2244,lp,0.009229,IC:1:5,d:32246:32761,,,
284,5920,C,G,0.08292,snp,0.03062,A:6:5,C:6:14,G:32239:33038,T:8:9,
285,5971,T,A,0.128,snp,0.06974,A:33315:35387,C:4:14,G:26:30,T:30:18,
286,6019,T,G,0.2581,snp,0.07642,A:3:6,C:4:2,G:32872:37717,T:33:21,
287,6035,T,A,0.3892,snp,0.04053,A:32800:38673,C:4:4,G:27:18,T:18:11,
288,6036,IG,d,0.8213,lp,0.1174,IG:37:46,IGG:1:1,ITA:0:1,d:32349:38259,
289,6040,C,G,0.1578,snp,0.2718,A:71:34,C:83:116,G:33987:38855,T:50:23,
290,6043,A,C,0.7291,snp,0.04114,A:17:13,C:33838:38962,G:24:21,T:21:20,
291,6043,IAA,d,0.03952,lp,0.02076,IAA:3:12,d:33599:38632,,,
292,6048,A,G,0.3081,snp,0.05831,A:16:26,C:7:13,G:33050:38897,T:13:12,
293,6052,A,G,0.039,snp,0.07707,A:18:38,C:3:6,G:33305:39258,T:13:20,
294,6057,T,C,0.958,snp,0.1221,A:12:19,C:33323:39449,G:8:8,T:41:48,
295,6075,C,T,0.05559,snp,2.619,A:9:13,C:844:1093,G:1:6,T:32955:39042,
296,6138,T,C,0.1495,snp,0.4002,A:10:18,C:32169:41949,G:15:5,T:117:181,
297,6203,IA,d,0.3239,lp,0.04796,IA:12:18,IC:1:0,d:30637:31881,,
298,6204,D1,i,0.8835,lp,0.1141,D1:36:36,D2:3:5,i:30962:32049,,
299,6231,C,T,0.2654,snp,0.1852,A:10:6,C:50:62,G:17:13,T:30095:30212,
300,6251,A,T,0.0733,snp,0.05949,A:11:23,C:23:22,G:17:8,T:27203:29842,
301,6252,A,G,0.7571,snp,0.07361,A:19:23,C:2:0,G:27141:29840,T:10:24,
302,6308,T,A,0.6936,snp,0.05837,A:23767:29238,C:2:5,G:46:21,T:15:16,
303,6310,T,G,0.8992,snp,0.09035,A:9:48,C:5:4,G:23830:29181,T:26:22,
304,6321,C,A,0.844,snp,0.0497,A:23128:27112,C:12:13,G:16:13,T:2:5,
305,6329,D1,i,0.3713,lp,0.05872,D1:11:17,i:22743:24909,,,
306,6360,A,C,0.2843,snp,0.06066,A:11:17,C:23328:22783,G:3:3,T:10:7,
307,6386,C,T,0.08751,snp,0.2772,A:6:5,C:56:78,G:11:6,T:24485:23701,
308,6496,A,G,0.1521,snp,0.1168,A:22:35,C:6:6,G:25298:23427,T:14:12,
309,6540,A,T,0.2287,snp,0.03563,A:6:12,C:19:22,G:8:3,T:26486:23967,
310,6541,A,G,0.7914,snp,0.06139,A:17:14,C:10:4,G:26457:23983,T:12:3,
311,6663,D1,i,0.6444,lp,0.03816,D1:12:9,D2:1:0,i:28668:26347,,
312,6738,T,G,0.3653,snp,0.821,A:18:13,C:5:2,G:29721:26415,T:256:209,
313,6742,D1,i,0.932,lp,0.05275,D1:16:14,D2:1:0,i:29875:26971,,
314,6784,D1,i,0.9637,lp,0.03952,D1:12:11,D3:1:0,i:30630:27550,,
315,6795,T,G,0.696,snp,1.53,A:19:4,C:4:11,G:29824:27340,T:458:431,
316,6819,IT,d,0.2249,lp,0.009917,IT:5:1,d:30849:29645,,,
317,6822,G,A,0.9886,snp,0.1029,A:31103:30021,C:1:4,G:32:31,T:5:3,
318,6868,T,G,0.8139,snp,0.1089,A:13:9,C:3:6,G:30292:32074,T:34:34,
319,6877,A,C,0.1154,snp,0.06114,A:14:25,C:30900:32818,G:9:3,T:10:8,
320,6881,D1,i,0.633,lp,0.03585,D1:10:13,i:31073:33055,,,
321,6888,G,C,0.6676,snp,0.03912,A:9:11,C:30825:33004,G:14:11,T:19:20,
322,6901,T,A,0.9086,snp,0.03865,A:31756:32819,C:2:14,G:24:51,T:13:12,
323,6902,T,G,0.2611,snp,0.07899,A:11:12,C:2:3,G:31629:32858,T:30:21,
324,6904,IA,d,0.08254,lp,0.01253,IA:7:1,d:31227:32617,,,
325,6905,D1,i,0.4724,lp,0.007752,D1:4:1,i:31511:32980,,,
326,6964,D1,i,0.09179,lp,0.0263,D1:12:5,D2:3:5,i:32219:32397,,
327,6965,A,T,0.0722,snp,0.02319,A:11:4,C:19:66,G:5:3,T:32227:32338,
328,7013,D1,i,0.6185,lp,0.05459,D1:19:16,i:31990:32087,,,
329,7018,T,G,0.2235,snp,0.06562,A:5:3,C:1:5,G:32060:31892,T:25:17,
330,7019,G,A,0.06272,snp,0.1407,A:32037:31714,C:1:71,G:36:54,T:13:31,
331,7020,T,C,0.2221,snp,0.08283,A:8:7,C:32019:31891,G:6:5,T:31:22,
332,7083,D1,i,0.6218,lp,0.05091,D1:15:19,D2:8:1,i:32261:34476,,
333,7110,D1,i,0.3471,lp,0.01511,D1:7:3,D4:1:3,i:32615:33533,,
334,7117,D1,i,0.4842,lp,0.03641,D1:14:10,i:32162:33736,,,
335,7126,D1,i,0.1077,lp,0.03321,D1:7:15,i:32428:33800,,,
336,7219,A,T,0.216,snp,0.03656,A:18:9,C:13:17,G:15:11,T:33331:40439,
337,7256,IA,d,0.8783,lp,0.005594,IA:1:3,d:32190:39315,,,
338,7267,T,C,0.7397,snp,0.1596,A:6:13,C:32358:38905,G:14:5,T:50:64,
339,7267,IT,d,0.8072,lp,0.237,IT:74:93,ITT:0:2,d:31807:38479,,
340,7268,D1,i,0.7408,lp,0.1699,D1:53:68,i:32199:38881,,,
341,7280,G,A,0.8128,snp,0.07366,A:32339:38173,C:6:5,G:23:29,T:13:10,
342,7281,C,T,0.03584,snp,0.08364,A:11:5,C:19:40,G:10:8,T:32274:38170,
343,7286,T,A,0.8523,snp,0.1086,A:32002:37864,C:6:16,G:15:14,T:42:34,
344,7291,A,G,0.5364,snp,0.1218,A:42:43,C:2:6,G:32113:37593,T:5:6,
345,7311,IC,d,1.246,lp,0.005871,IC:2:2,d:31431:36695,,,
346,7319,D1,i,1.246,lp,0.005831,D1:2:2,i:31402:37198,,,
347,7349,C,T,0.2306,snp,0.3281,A:96:5,C:118:108,G:10:7,T:29977:38550,
348,7420,T,A,0.744,snp,0.05534,A:28848:41500,C:24:29,G:19:16,T:17:22,
349,7421,A,T,0.9857,snp,0.04857,A:14:20,C:22:58,G:9:9,T:28887:40987,
350,7422,A,G,0.2921,snp,0.04848,A:11:23,C:3:14,G:28901:41154,T:10:14,
351,7431,G,A,0.2003,snp,0.07891,A:29396:44034,C:5:7,G:28:30,T:1:2,
352,7463,G,T,0.845,snp,0.02268,A:6:19,C:15:41,G:10:7,T:29101:45748,
353,7482,T,C,0.159,snp,0.836,A:10:8,C:28598:45861,G:6:6,T:224:404,
354,7491,D1,i,0.2841,lp,0.0107,D1:7:1,D2:1:1,i:28419:46306,,
355,7492,T,A,0.588,snp,0.03084,A:28305:46197,C:2:2,G:16:24,T:13:10,
356,7493,T,A,0.4647,snp,0.02282,A:28286:46092,C:0:8,G:29:56,T:12:5,
357,7521,T,C,0.449,snp,0.254,A:13:23,C:27110:41956,G:8:5,T:74:102,
358,7661,D1,i,0.5938,lp,0.04769,D1:16:13,i:24295:36480,,,
359,7674,D1,i,0.6099,lp,0.1827,D1:46:64,D2:3:2,i:23702:36399,,
360,7683,C,T,0.0397,snp,0.1377,A:51:23,C:25:59,G:128:10,T:24667:36021,
361,7684,D1,i,0.4574,lp,0.03934,D1:8:16,i:24874:36107,,,
362,7689,D1,i,0.4535,lp,0.07106,D1:23:20,D2:0:1,i:24725:35742,,
363,7717,D1,i,0.7242,lp,0.04349,D1:10:16,i:25022:34730,,,
364,7740,D1,i,0.3231,lp,0.04199,D1:8:16,D2:0:1,i:24757:32378,,
365,7800,D1,i,0.692,lp,0.02327,D1:5:8,D2:0:2,i:24525:31319,,
366,7834,D1,i,0.6994,lp,0.05317,D1:15:14,i:24373:30141,,,
367,7861,G,A,0.04102,snp,0.09737,A:23876:28445,C:1:3,G:16:35,T:0:2,
368,7911,T,G,0.7926,snp,0.05882,A:4:7,C:2:2,G:19834:26026,T:11:16,
369,7913,C,T,0.4331,snp,0.09347,A:2:6,C:16:27,G:3:3,T:19820:26129,
370,7914,C,T,0.9831,snp,0.09558,A:1:6,C:25:19,G:3:2,T:19782:26195,
371,7929,C,A,0.4515,snp,0.05009,A:16539:25295,C:11:10,G:10:16,T:37:5,
372,7934,T,G,0.727,snp,0.0967,A:14:7,C:8:8,G:16604:25719,T:26:15,
373,7987,A,T,0.4177,snp,0.1789,A:30:46,C:26:43,G:2186:7,T:16484:23655,
374,8024,A,T,0.03956,snp,0.04304,A:6:16,C:12:26,G:4:9,T:25929:25109,
375,8027,C,T,0.04886,snp,0.1274,A:25:6,C:24:42,G:51:6,T:26583:25083,
376,8044,D1,i,0.04048,lp,0.01972,D1:2:9,i:28411:27370,,,
377,8150,D1,i,0.07373,lp,0.02783,D1:13:5,D2:3:0,i:33068:31584,,
378,8286,IG,d,0.3895,lp,1.909,IA:4:2,IG:549:617,IGG:7:15,IGGG:1:0,d:28955:30920
379,8287,D1,i,0.3346,lp,1.104,D1:320:369,D2:8:12,D3:1:0,i:29789:31895,
380,8335,G,A,0.4562,snp,0.1005,A:29786:33807,C:4:9,G:37:27,T:6:4,
381,8339,D1,i,0.08659,lp,0.01249,D1:7:1,i:29782:34268,,,
382,8353,A,G,0.9396,snp,0.04579,A:14:16,C:3:8,G:30098:35357,T:10:15,
383,8354,T,C,0.04194,snp,0.07319,A:7:16,C:30062:35444,G:3:5,T:15:33,
384,8356,A,T,0.8973,snp,0.04094,A:15:12,C:17:24,G:3:1,T:30092:35779,
385,8357,T,C,0.6853,snp,0.06061,A:4:8,C:30128:35799,G:4:10,T:17:23,
386,8361,T,C,0.1105,snp,0.06364,A:9:34,C:30061:35829,G:6:13,T:14:28,
387,8369,IC,d,0.1357,lp,0.01067,IA:6:0,IC:6:1,d:29836:35752,,
388,8371,T,C,0.551,snp,0.0634,A:7:21,C:30055:36107,G:7:8,T:21:21,
389,8412,D1,i,0.5732,lp,0.0423,D1:14:14,i:29578:36583,,,
390,8413,IA,d,0.8305,lp,0.0535,IA:20:15,d:29198:36185,,,
391,8414,D1,i,0.6713,lp,0.2113,D1:60:80,D2:0:2,i:29515:36598,,
392,8423,T,C,0.05422,snp,0.7562,A:5:1,C:29067:36271,G:5:5,T:243:255,
393,8434,D1,i,0.1195,lp,0.0414,D1:8:19,i:29029:36169,,,
394,8478,A,G,0.07239,snp,0.09098,A:19:38,C:3:1,G:28253:34289,T:25:23,
395,8507,IA,d,0.2483,lp,0.009757,IA:1:5,d:27537:33954,,,
396,8508,A,C,0.2518,snp,0.1143,A:27:43,C:27736:33370,G:4:7,T:24:20,
397,8632,C,T,0.06296,snp,0.471,A:25:9,C:157:104,G:35:12,T:25087:29988,
398,8666,C,T,0.1131,snp,0.503,A:9:35,C:139:144,G:23:21,T:24837:31055,
399,8752,T,A,0.4595,snp,0.03332,A:22504:28426,C:1:6,G:39:23,T:11:6,
400,8753,G,A,0.6088,snp,0.1413,A:22499:28374,C:0:4,G:38:34,T:2:0,
401,8762,G,T,0.2013,snp,0.4923,A:42:6,C:28:29,G:121:127,T:22361:27664,
402,8785,D1,i,0.6022,lp,0.07755,D1:15:22,i:21360:26315,,,
403,8836,D1,i,0.7597,lp,0.05795,D1:12:14,i:19362:25477,,,
404,8897,G,A,0.6141,snp,0.1141,A:17242:23017,C:2:16,G:18:28,T:1:4,
405,8950,D1,i,0.8516,lp,0.09411,D1:17:19,i:17454:20765,,,
406,8981,D1,i,0.4063,lp,0.03172,D1:4:8,D2:3:0,i:17117:20700,,
407,9016,IG,d,0.1089,lp,0.0576,IA:1:4,IG:7:15,d:18668:19499,,
408,9017,D1,i,0.5285,lp,0.1942,D1:34:41,i:18882:19672,,,
409,9030,T,C,0.414,snp,0.09677,A:13:13,C:19131:18000,G:5:2,T:15:21,
410,9038,D1,i,0.9602,lp,0.06218,D1:12:11,i:19095:17872,,,
411,9040,C,T,0.1834,snp,0.1948,A:6:3,C:29:43,G:4:2,T:19126:17744,
412,9063,IA,d,0.502,lp,0.1409,IA:32:22,d:20934:17331,,,
413,9064,D1,i,0.6386,lp,0.1108,D1:22:21,D2:2:0,i:21210:17546,,
414,9112,D1,i,0.8758,lp,0.04267,D1:8:10,i:22649:19513,,,
415,9136,T,C,0.7537,snp,0.117,A:9:8,C:23129:20364,G:4:7,T:25:26,
416,9171,D1,i,0.53,lp,0.06169,D1:12:16,i:23230:22133,,,
417,9190,D1,i,0.04827,lp,0.1443,D1:25:42,i:23459:22889,,,
418,9264,C,T,0.3383,snp,0.08734,A:2:0,C:26:18,G:9:3,T:26099:24219,
419,9264,IG,d,0.5019,lp,0.04421,IG:13:9,d:25834:23907,,,
420,9265,D1,i,0.4416,lp,0.1113,D1:24:32,i:26129:24116,,,
421,9276,T,C,0.3888,snp,0.1972,A:6:7,C:26155:23913,G:5:7,T:43:56,
422,9311,A,T,0.8778,snp,0.03336,A:8:8,C:12:17,G:4:2,T:24878:23033,
423,9340,D1,i,0.3484,lp,0.05376,D1:10:16,i:25305:23031,,,
424,9406,A,C,0.1477,snp,0.07583,A:14:24,C:25730:24318,G:2:2,T:14:8,
425,9421,D2,i,0.3834,lp,0.009988,D1:8:3,D2:4:1,i:25452:24593,,
426,9423,T,A,0.09445,snp,0.02399,A:25398:24547,C:3:2,G:31:21,T:9:3,
427,9424,T,G,0.6385,snp,0.02798,A:13:4,C:1:3,G:25426:24567,T:6:8,
428,9441,A,T,0.7569,snp,0.02022,A:6:4,C:16:11,G:12:4,T:24566:24844,
429,9473,T,G,0.7679,snp,0.08392,A:2:4,C:0:3,G:24949:25047,T:20:22,
430,9489,T,G,0.7623,snp,0.07818,A:12:45,C:5:6,G:26767:24290,T:20:20,
431,9493,T,G,0.3497,snp,0.0472,A:10:7,C:6:8,G:26906:23888,T:9:15,
432,9499,C,G,0.6387,snp,0.05088,A:11:4,C:11:15,G:27097:23940,T:8:10,
433,9501,C,T,0.8358,snp,0.7218,A:0:1,C:176:195,G:6:3,T:27088:23927,
434,9579,D1,i,0.652,lp,0.05956,D1:19:15,D2:0:1,i:29679:27376,,
435,9591,A,G,0.8279,snp,0.05649,A:15:18,C:4:3,G:30722:27624,T:15:14,
436,9593,G,A,0.5237,snp,0.1371,A:30685:27535,C:2:11,G:45:35,T:10:19,
437,9596,ITC,d,1.231,lp,0.008641,ITC:2:3,d:30659:27201,,,
438,9598,A,C,0.6813,snp,0.05131,A:17:13,C:30917:27502,G:5:2,T:5:6,
439,9599,A,T,0.04363,snp,0.03928,A:6:17,C:26:40,G:9:1,T:30937:27525,
440,9603,D1,i,0.3224,lp,0.03749,D1:14:8,i:31150:27505,,,
441,9606,IG,d,0.4692,lp,0.03946,IG:14:9,IT:0:7,d:31080:27182,,
442,9611,G,A,0.3643,snp,0.166,A:31592:26711,C:1:10,G:40:57,T:7:14,
443,9613,A,G,0.6706,snp,0.06508,A:16:22,C:1:3,G:31773:26561,T:4:12,
444,9638,G,T,0.04015,snp,0.05129,A:10:4,C:46:23,G:23:8,T:33705:26620,
445,9656,IA,d,0.03792,lp,0.04851,IA:22:7,IC:2:2,d:33918:25836,,
446,9657,G,A,0.2847,snp,0.295,A:34103:26014,C:2:27,G:108:70,T:4:12,
447,9689,A,G,0.5095,snp,0.05135,A:19:12,C:4:9,G:33405:26895,T:19:8,
448,9695,C,T,0.9508,snp,0.8143,A:46:9,C:221:271,G:198:3,T:32850:26825,
449,9726,T,G,0.1878,snp,0.06064,A:16:14,C:13:11,G:32942:27982,T:13:24,
450,9734,IA,d,0.3789,lp,0.008251,IA:1:4,d:31999:28598,,,
451,9736,A,C,0.41,snp,0.06021,A:15:22,C:32326:29029,G:11:6,T:23:15,
452,9737,G,T,0.5082,snp,0.03248,A:3:5,C:18:39,G:8:12,T:32362:29125,
453,9756,C,T,0.2758,snp,0.09648,A:2:11,C:25:37,G:9:3,T:33863:30311,
454,9758,A,G,0.7642,snp,0.07891,A:28:23,C:13:14,G:34067:30421,T:20:43,
455,9759,T,C,0.2452,snp,0.7342,A:11:22,C:33959:30356,G:4:1,T:264:212,
456,9760,D1,i,0.8432,lp,0.05061,D1:15:18,i:34425:30742,,,
457,9791,T,G,0.754,snp,0.04924,A:12:7,C:3:7,G:36698:32282,T:19:15,
458,9792,G,A,0.5165,snp,0.06215,A:36776:32353,C:5:2,G:25:18,T:6:5,
459,9794,D1,i,0.2454,lp,0.01872,D1:9:4,i:36906:32529,,,
460,9803,A,G,0.04094,snp,0.08957,A:42:21,C:3:3,G:37795:32433,T:26:16,
461,9810,A,G,0.04084,snp,0.5256,A:219:151,C:22:4,G:37685:32279,T:17:14,
462,9846,A,C,0.07443,snp,0.1149,A:29:52,C:38210:32135,G:15:13,T:28:23,
463,9857,T,G,0.1314,snp,0.03705,A:15:13,C:9:7,G:38205:31900,T:8:18,
464,9860,A,G,0.5724,snp,0.2083,A:75:69,C:8:6,G:37536:31437,T:13:2,
465,9912,T,C,0.3941,snp,0.0719,A:8:21,C:33449:31826,G:6:8,T:27:20,
466,9937,C,G,0.8775,snp,0.1172,A:13:28,C:35:38,G:30366:31769,T:5:21,
467,9938,A,T,0.9332,snp,0.1077,A:34:33,C:19:42,G:20:11,T:30261:31812,
468,9968,C,A,0.1087,snp,0.032,A:29924:32517,C:14:6,G:20:17,T:1:8,
469,10021,T,G,0.03798,snp,0.05919,A:17:11,C:5:6,G:29190:33249,T:26:11,
470,10038,T,C,0.9238,snp,0.0866,A:6:14,C:29242:34184,G:4:7,T:30:25,
471,10053,A,T,0.05042,snp,0.0499,A:9:23,C:10:15,G:5:6,T:29048:35007,
472,10077,C,G,0.8749,snp,0.05374,A:16:36,C:15:20,G:28731:36292,T:8:5,
473,10078,A,T,0.5045,snp,0.04451,A:11:18,C:25:21,G:51:7,T:28638:36390,
474,10084,T,A,0.2295,snp,0.2398,A:28481:36776,C:12:12,G:12:17,T:76:81,
475,10105,T,A,0.907,snp,0.06557,A:27978:37500,C:2:3,G:32:23,T:25:18,
476,10163,A,G,0.1204,snp,0.04625,A:21:8,C:4:16,G:26196:36430,T:7:19,
477,10195,T,A,0.3226,snp,0.04407,A:23643:32913,C:7:80,G:25:29,T:8:17,
478,10196,T,G,0.303,snp,0.04949,A:13:20,C:4:5,G:23588:32917,T:9:19,
479,10197,C,T,0.2448,snp,0.1787,A:29:14,C:48:53,G:85:26,T:23481:32797,
480,10200,G,C,0.0887,snp,0.08935,A:8:22,C:23403:32453,G:15:35,T:5:18,
481,10211,T,C,0.4209,snp,0.1844,A:8:16,C:22709:31388,G:6:7,T:38:62,
482,10244,C,T,0.3477,snp,0.1816,A:17:17,C:50:40,G:11:22,T:19563:29844,
483,10275,G,A,0.3565,snp,0.9134,A:17320:29091,C:3:5,G:169:259,T:4:5,
484,10279,G,A,0.1406,snp,0.1553,A:17407:29500,C:2:7,G:21:52,T:0:3,
485,10282,T,A,0.3595,snp,0.05318,A:17297:29660,C:5:4,G:10:13,T:7:18,
486,10284,T,C,0.9199,snp,0.05108,A:8:11,C:17139:29805,G:0:1,T:15:9,
487,10304,C,T,0.1084,snp,0.1799,A:4:11,C:22:61,G:9:16,T:16069:29954,
488,10359,IC,d,0.7287,lp,0.02226,IC:2:6,IT:0:1,d:13706:22222,,
489,10360,A,T,0.1765,snp,0.08408,A:8:22,C:14:44,G:4:10,T:13775:21803,
490,10363,T,G,0.227,snp,0.1476,A:5:14,C:19:280,G:13660:20531,T:16:35,
491,10366,A,G,0.07746,snp,0.1129,A:10:28,C:5:4,G:13560:20027,T:7:11,
492,10373,T,C,0.4925,snp,0.1241,A:9:9,C:12950:18405,G:4:1,T:14:25,
493,10375,G,T,0.5946,snp,0.1783,A:4:78,C:25:275,G:21:34,T:12815:17587,
494,10375,IG,d,0.4927,lp,0.02621,IG:6:2,d:12666:17848,,,
495,10377,A,G,0.09602,snp,0.08864,A:7:20,C:2:6,G:12690:17719,T:7:9,
496,10379,C,T,0.2395,snp,0.3183,A:4:12,C:36:61,G:16:4,T:13053:17288,
497,10381,T,G,0.377,snp,0.06028,A:7:43,C:4:44,G:13019:16725,T:6:12,
498,10382,C,A,0.1283,snp,0.03684,A:12986:16833,C:2:9,G:9:11,T:3:3,
499,10383,A,G,0.1033,snp,0.05684,A:4:13,C:2:3,G:12870:16992,T:11:12,
500,10394,C,T,0.5919,snp,0.1178,A:1:2,C:13:22,G:2:1,T:12342:17319,
501,10408,T,C,0.6477,snp,1.423,A:8:11,C:11658:15885,G:2:2,T:173:225,
502,10422,T,C,0.03991,snp,0.2334,A:3:12,C:11103:15374,G:2:3,T:18:44,
503,10448,D1,i,0.5179,lp,0.09479,D1:11:11,i:10009:13177,,,
504,10461,D1,i,0.2439,lp,0.07743,D1:5:12,D2:1:5,i:9525:12406,,
505,10481,C,T,0.3439,snp,0.1443,A:1:8,C:11:16,G:4:2,T:9309:9358,
506,10503,T,A,0.9549,snp,0.3478,A:9876:8601,C:17:22,G:69:37,T:30:35,
507,10504,T,A,0.5224,snp,0.05917,A:10004:8478,C:1:25,G:33:40,T:7:4,
508,10624,T,C,0.5034,snp,0.6746,A:6:2,C:10165:11762,G:1:2,T:65:84,
509,10626,T,C,0.5623,snp,0.384,A:4:4,C:10197:11840,G:2:3,T:42:43,
510,10630,D3,i,1.078,lp,0.02705,D3:3:3,i:10342:11837,,,
511,10694,C,G,0.05018,snp,0.1457,A:0:3,C:24:8,G:9234:12695,T:2:2,
512,10701,A,G,0.03936,snp,0.2507,A:15:39,C:1:4,G:8930:12532,T:9:7,
513,10702,C,T,0.7559,snp,0.2138,A:51:42,C:18:28,G:66:3,T:8769:12538,
514,10702,A,T,0.4537,snp,0.4323,A:51:42,C:18:28,G:66:3,T:8769:12538,
515,10753,T,C,0.3591,snp,1.307,A:2:3,C:6317:10516,G:0:3,T:77:146,
516,10777,C,T,0.6512,snp,0.5827,A:10:1,C:32:52,G:17:1,T:5093:9210,
517,10892,T,G,0.4473,snp,0.5442,A:2:7,C:0:7,G:1029:4803,T:4:28,
518,11011,A,G,0.553,snp,2.432,A:1:17,G:31:691,,,
519,11021,G,A,0.5013,snp,4.486,A:14:636,C:0:9,G:1:30,T:0:1,
