,# Ref_Pos,Var,Cons,Strd_bias_pval,Type,Var_perc,SNP_or_LP_Profile,,,,,
0,42,A,T,0.07603,snp,0.7075,A:43:3,C:3:1,G:3:0,T:5406:1043,,
1,67,D1,i,0.2955,lp,0.06349,D1:4:2,i:7746:1699,,,,
2,72,A,G,0.6498,snp,0.08035,A:6:2,C:2:4,G:8072:1865,T:6:0,,
3,80,D1,i,1,lp,0.08126,D1:7:2,i:8829:2237,,,,
4,311,D1,i,0.04927,lp,0.04096,D1:1:8,i:9783:12181,,,,
5,371,D1,i,0.05425,lp,0.08104,D1:14:5,i:11337:12090,,,,
6,514,C,A,0.8957,snp,0.07147,A:11558:13582,C:10:8,G:11:8,T:4:4,,
7,537,A,G,0.1047,snp,0.05307,A:3:10,C:10:8,G:11122:13330,T:6:7,,
8,537,C,G,0.9302,snp,0.07348,A:3:10,C:10:8,G:11122:13330,T:6:7,,
9,538,T,A,0.8672,snp,0.07791,A:11076:13283,C:0:3,G:1:5,T:10:9,,
10,723,A,C,0.7985,snp,0.1999,A:16:20,C:7605:10351,G:1:4,T:2:6,,
11,727,T,A,0.5398,snp,0.1367,A:7656:10597,C:0:1,G:3:3,T:12:13,,
12,767,C,A,0.05525,snp,0.09424,A:7088:8794,C:3:12,G:5:6,T:1:7,,
13,994,C,G,0.9234,snp,0.06873,A:5:0,C:8:7,G:11348:10447,T:9:2,,
14,998,C,T,0.8432,snp,0.1366,A:4:2,C:15:15,G:4:5,T:11350:10559,,
15,1013,D1,i,0.1254,lp,0.03082,D1:6:1,i:11562:11144,,,,
16,1013,T,C,0.2076,snp,0.08808,A:2:7,C:11543:11128,G:4:2,T:13:7,,
17,1015,T,G,0.1535,snp,0.09232,A:3:3,C:0:2,G:11608:11110,T:14:7,,
18,1015,IA,d,0.07199,lp,0.03519,IA:7:1,d:11708:11015,,,,
19,1023,T,A,0.07161,snp,0.0355,A:11523:10986,C:7:1,G:8:2,T:7:1,,
20,1025,IT,d,0.03932,lp,0.04057,IT:8:1,d:11290:10883,,,,
21,1029,T,G,0.111,snp,0.1074,A:3:2,C:1:0,G:11240:11066,T:16:8,,
22,1096,D2,i,1.17,lp,0.02146,D1:5:1,D2:3:2,i:11992:11297,,,
23,1098,T,G,0.5473,snp,0.07241,A:5:1,C:2:5,G:12081:11366,T:10:7,,
24,1213,C,G,0.1518,snp,0.09713,A:5:5,C:7:15,G:10638:11963,T:10:7,,
25,1553,IC,d,0.1254,lp,0.02762,IC:1:6,d:12913:12426,,,,
26,1554,A,T,0.06204,snp,0.05076,A:3:10,C:7:10,G:1:3,T:13058:12518,,
27,1555,A,G,0.1376,snp,0.07409,A:6:13,C:3:3,G:13158:12451,T:8:3,,
28,1690,G,T,0.1319,snp,0.4806,A:10:3,C:14:13,G:86:60,T:15898:14295,,
29,1733,T,G,0.9644,snp,0.135,A:4:4,C:3:2,G:16163:14898,T:22:20,,
30,1734,G,C,0.9182,snp,0.1153,A:3:7,C:16185:14981,G:17:19,T:3:4,,
31,1853,G,A,0.1426,snp,0.108,A:17128:18019,C:3:2,G:24:14,T:4:3,,
32,1854,T,G,0.1406,snp,0.1015,A:4:5,C:2:7,G:17138:18272,T:23:13,,
33,1942,A,G,0.07231,snp,0.03836,A:11:3,C:5:4,G:16529:19930,T:7:4,,
34,2046,D1,i,0.8825,lp,0.05136,D1:8:9,i:14979:18106,,,,
35,2113,C,T,0.1659,snp,0.0988,A:25:716,C:9:20,G:0:2,T:12820:15759,,
36,2117,A,T,0.1262,snp,0.03806,A:2:9,C:11:35,G:2:1,T:12923:15921,,
37,2124,D1,i,0.8638,lp,0.07171,D1:12:9,i:13087:16178,,,,
38,2244,T,G,0.04459,snp,0.1175,A:2:1,C:3:2,G:12318:13169,T:21:9,,
39,2343,C,G,0.4534,snp,0.02625,A:4:6,C:2:5,G:13148:13487,T:5:14,,
40,2343,T,G,0.04465,snp,0.07124,A:4:6,C:2:5,G:13148:13487,T:5:14,,
41,2345,A,T,0.8667,snp,0.08659,A:12:11,C:7:13,G:2:0,T:13148:13369,,
42,2371,T,C,0.2873,snp,0.06541,A:2:6,C:12511:13448,G:4:1,T:11:6,,
43,2560,A,C,0.4031,snp,0.065,A:5:10,C:10156:12884,G:1:9,T:3:9,,
44,2561,A,G,0.2733,snp,0.1051,A:8:16,C:0:3,G:10130:12654,T:9:14,,
45,2563,C,T,0.4378,snp,0.09663,A:11:6,C:8:14,G:4:1,T:10127:12596,,
46,2610,C,G,0.07844,snp,0.08047,A:5:4,C:4:13,G:9434:11652,T:10:5,,
47,2728,T,A,0.3374,snp,0.1027,A:8833:9617,C:3:3,G:5:19,T:12:7,,
48,2733,D1,i,0.1274,lp,0.03774,D1:6:1,i:8874:9667,,,,
49,2734,T,G,0.07176,snp,0.0699,A:4:5,C:0:4,G:8924:9649,T:10:3,,
50,2736,IA,d,0.2311,lp,0.03226,IA:5:1,d:8949:9644,,,,
51,2857,C,A,0.07541,snp,0.1049,A:9641:8426,C:5:14,G:5:10,T:1:8,,
52,3036,A,G,0.1938,snp,0.1577,A:14:22,C:4:4,G:11446:11326,T:9:4,,
53,3150,A,G,0.9307,snp,0.0902,A:9:11,C:2:5,G:10178:11962,T:4:3,,
54,3249,IT,d,1.01,lp,0.03801,IT:2:4,d:4790:10991,,,,
55,3250,C,A,1,snp,0.09399,A:4849:11074,C:11:4,G:8:11,T:0:2,,
56,3441,T,A,0.6089,snp,0.1559,A:6255:8454,C:1:1,G:10:6,T:12:11,,
57,3444,C,T,0.7863,snp,0.1956,A:0:1,C:13:16,G:1:6,T:6265:8527,,
58,3445,A,G,0.627,snp,0.1406,A:10:11,C:1:1,G:6316:8592,T:4:3,,
59,3451,C,G,0.8811,snp,0.1083,A:4:4,C:7:9,G:6176:8563,T:2:4,,
60,3471,A,G,0.03979,snp,0.452,A:19:47,C:4:11,G:5990:8515,T:5:10,,
61,3476,A,G,0.7929,snp,0.3487,A:28:20,C:3:5,G:5970:7738,T:1:1,,
62,3503,C,T,0.06144,snp,0.7417,A:1:9,C:36:64,G:3:3,T:6064:7302,,
63,3708,D1,i,0.633,lp,0.1821,D1:17:18,i:10637:8548,,,,
64,4102,C,G,0.9058,snp,0.1936,A:5:3,C:27:30,G:15686:13682,T:8:7,,
65,4107,A,T,0.8255,snp,0.1841,A:26:28,C:15:11,G:10:5,T:15598:13645,,
66,4109,IA,d,0.647,lp,0.2043,IA:33:26,d:15258:13556,,,,
67,4110,D1,i,0.6353,lp,0.1202,D1:20:15,D2:1:1,i:15460:13633,,,
68,4374,IT,d,0.389,lp,0.01569,IT:4:1,d:15431:16439,,,,
69,4376,T,G,0.4653,snp,0.09028,A:6:11,C:1:3,G:15449:16625,T:17:12,,
70,4651,D1,i,0.8335,lp,0.1124,D1:19:18,D2:1:0,i:17455:15432,,,
71,4656,D1,i,0.8212,lp,0.08743,D1:15:14,i:17835:15305,,,,
72,4677,IA,d,0.3501,lp,0.02985,IA:3:7,IAAA:0:2,d:17601:15883,,,
73,4764,IC,d,0.03975,lp,0.02649,IA:2:1,IC:1:8,IGTC:0:1,d:17192:16765,,
74,4767,IC,d,0.04029,lp,0.0265,IAAC:1:6,IC:1:8,d:17451:16495,,,
75,4785,ITGT,d,0.2799,lp,0.01738,IA:0:1,IT:1:0,ITGT:5:1,d:17535:16989,,
76,4786,T,A,0.4333,snp,0.03723,A:17668:17196,C:4:4,G:14:18,T:8:5,,
77,4792,T,G,0.06691,snp,0.05112,A:8:3,C:0:6,G:17808:17367,T:13:5,,
78,4825,IT,d,0.7542,lp,0.02762,IT:6:4,d:17786:18404,,,,
79,4827,T,C,0.8956,snp,0.06275,A:10:10,C:17996:18594,G:13:5,T:11:12,,
80,4828,G,A,0.764,snp,0.08207,A:18028:18470,C:5:3,G:16:14,T:12:4,,
81,4848,A,C,0.1468,snp,0.05738,A:14:7,C:17884:18574,G:6:4,T:93:16,,
82,4852,D1,i,0.3002,lp,0.02156,D1:6:2,i:18460:18643,,,,
83,4906,IA,d,0.1256,lp,0.01804,IA:6:1,d:19812:18987,,,,
84,5033,ICT,d,0.1316,lp,0.0177,ICT:1:6,IT:0:11,ITT:0:1,d:18373:21163,,
85,5057,A,T,0.115,snp,0.2349,A:36:57,C:11:12,G:2:2,T:18499:20966,,
86,5093,C,A,0.8564,snp,0.4979,A:17418:19913,C:86:101,G:11:11,T:4:12,,
87,5166,IA,d,0.7905,lp,0.1075,IA:15:21,d:14675:18780,,,,
88,5167,D1,i,0.8592,lp,0.09771,D1:15:18,i:14820:18922,,,,
89,5208,IC,d,0.0538,lp,0.03143,IC:1:9,ITC:0:1,d:13201:18602,,,
90,5219,D1,i,0.05294,lp,0.03187,D1:1:9,i:13144:18221,,,,
91,5222,D1,i,0.09945,lp,0.104,D1:9:23,D3:0:2,i:13068:17656,,,
92,5230,IT,d,0.7509,lp,0.02078,IA:0:1,IT:2:4,d:12926:15939,,,
93,5254,IC,d,0.07525,lp,0.02826,IC:1:7,d:13455:14847,,,,
94,5278,A,G,0.5329,snp,0.05328,A:6:9,C:1:6,G:13514:14611,T:5:3,,
95,5428,A,C,0.05686,snp,0.04681,A:3:10,C:13729:14011,G:4:4,T:4:5,,
96,5430,A,T,0.09536,snp,0.06136,A:5:12,C:13:7,G:0:3,T:13732:13933,,
97,5709,T,C,0.1747,snp,0.09795,A:6:13,C:13908:15633,G:8:10,T:19:10,,
98,5798,IA,d,0.417,lp,0.1666,IA:29:23,d:15535:15620,,,,
99,6019,IT,d,0.4639,lp,0.01227,IT:4:1,d:20241:20490,,,,
100,6022,D1,i,0.2418,lp,0.01449,D1:5:1,i:20569:20840,,,,
101,6033,IG,d,0.2418,lp,0.01449,IG:5:1,d:20511:20883,,,,
102,6036,IG,d,0.976,lp,0.1202,IA:0:1,IG:25:25,d:20692:20868,,,
103,6042,T,G,0.0548,snp,0.4019,A:10:9,C:11:6,G:21196:21391,T:99:73,,
104,6042,IT,d,0.07266,lp,0.01882,IT:1:7,d:21088:21407,,,,
105,6077,IT,d,0.2494,lp,0.01362,IT:5:1,d:21490:22561,,,,
106,6079,T,A,0.5314,snp,0.03826,A:21637:22740,C:6:6,G:18:12,T:10:7,,
107,6080,T,C,0.04898,snp,0.08312,A:6:8,C:21611:22841,G:6:5,T:25:12,,
108,6101,IT,d,0.2531,lp,0.01336,IT:1:5,d:21176:23722,,,,
109,6107,D1,i,0.3048,lp,0.01751,D1:2:6,D2:0:1,i:21228:24450,,,
110,6203,IA,d,0.7363,lp,0.1038,IA:17:20,IAA:1:1,d:17339:18254,,,
111,6204,D1,i,0.07646,lp,0.0642,D1:7:16,D2:0:1,i:17509:18291,,,
112,6539,IC,d,0.4566,lp,0.02127,IC:1:4,d:12057:11445,,,,
113,6540,A,T,0.4544,snp,0.02945,A:2:5,C:11:16,G:1:2,T:12211:11525,,
114,6541,A,G,0.7336,snp,0.03359,A:3:5,C:2:5,G:12267:11529,T:5:2,,
115,6620,D1,i,0.07655,lp,0.03245,D1:1:7,i:12121:12524,,,,
116,6622,A,C,0.3639,snp,0.07305,A:7:11,C:12197:12406,G:4:2,T:10:4,,
117,6624,C,G,0.1801,snp,0.03675,A:11:98,C:2:7,G:12218:12142,T:5:8,,
118,6742,D1,i,0.8484,lp,0.09782,D1:13:15,D2:4:1,i:15829:12762,,,
119,6807,T,C,0.5932,snp,0.08514,A:7:7,C:15996:14498,G:3:1,T:15:11,,
120,6808,G,T,0.6834,snp,0.03937,A:1:1,C:10:19,G:7:5,T:15970:14466,,
121,6822,G,A,0.0587,snp,0.08818,A:17005:14714,C:0:4,G:20:8,T:1:1,,
122,6845,A,G,0.9369,snp,0.3507,A:60:55,C:4:2,G:17159:15503,T:7:3,,
123,6849,T,G,0.5322,snp,0.1022,A:10:26,C:9:10,G:16799:15401,T:14:19,,
124,6859,D1,i,0.5102,lp,0.02718,D1:3:6,i:17066:16038,,,,
125,6888,G,C,0.3525,snp,0.03996,A:4:7,C:18152:16839,G:9:5,T:8:10,,
126,7018,D2,i,0.1297,lp,0.01888,D2:6:1,i:19637:17427,,,,
127,7019,G,A,0.7784,snp,0.1376,A:19591:17382,C:3:19,G:26:25,T:7:17,,
128,7126,A,T,0.5274,snp,0.05061,A:8:11,C:14:21,G:8:3,T:18982:18496,,
129,7267,IT,d,0.6366,lp,0.2937,IT:50:60,d:17817:19529,,,,
130,7268,D1,i,0.81,lp,0.161,D1:30:31,D2:0:1,i:18022:19805,,,
131,7349,C,T,0.04551,snp,0.1375,A:79:1,C:36:16,G:9:3,T:16746:20938,,
132,7354,T,A,0.6677,snp,0.07185,A:16814:20696,C:3:6,G:26:8,T:16:11,,
133,7414,IT,d,1.001,lp,0.02389,IA:0:1,IT:4:5,d:16059:21606,,,
134,7418,A,T,0.8174,snp,0.0813,A:17:14,C:8:20,G:7:5,T:16408:21650,,
135,7421,IC,d,0.8268,lp,0.01083,IC:3:1,d:16368:20558,,,,
136,7455,T,G,0.1165,snp,0.08187,A:4:3,C:5:3,G:17589:21450,T:22:10,,
137,7460,D1,i,0.04763,lp,0.02285,D1:8:1,i:17791:21587,,,,
138,7594,A,T,0.9886,snp,0.04742,A:6:9,C:11:14,G:11:2,T:12681:18895,,
139,7595,A,G,0.07725,snp,0.09171,A:7:22,C:2:7,G:12699:18870,T:10:5,,
140,7608,G,T,0.5003,snp,0.1629,A:9:6,C:15:13,G:22:28,T:12034:18574,,
141,7646,ICAAA,d,1.21,lp,0.01612,ICAAA:2:3,d:12261:18755,,,,
142,7674,D1,i,0.6817,lp,0.1613,D1:27:22,D2:2:1,i:12739:17591,,,
143,7731,T,C,0.7764,snp,0.04231,A:11:67,C:12956:15307,G:3:5,T:5:7,,
144,7734,D1,i,0.1928,lp,0.03206,D1:2:7,i:12912:15147,,,,
145,7736,A,T,0.09325,snp,0.05713,A:4:12,C:12:21,G:1:2,T:12840:15116,,
146,7737,C,G,0.09637,snp,0.04651,A:6:9,C:3:10,G:12858:15055,T:7:4,,
147,7928,T,G,0.209,snp,0.161,A:1:1,C:4:3,G:6071:11905,T:16:13,,
148,7929,T,A,0.765,snp,0.1056,A:6030:11917,C:3:8,G:5:7,T:12:7,,
149,7930,T,A,0.8974,snp,0.1059,A:5894:11999,C:2:2,G:12:10,T:13:6,,
150,7960,IA,d,0.07224,lp,0.23,IA:8:32,IAA:0:1,ICA:2:0,d:5798:11554,,
151,7984,T,G,0.06901,snp,0.1116,A:4:14,C:0:7,G:7140:10730,T:4:16,,
152,7987,IC,d,0.09044,lp,0.05119,IAAA:0:1,IC:1:8,ICAA:0:69,ITC:0:1,ITCAA:0:5,
153,7989,A,C,0.2686,snp,0.1407,A:8:17,C:7618:10111,G:1:3,T:2:5,,d:7330:10167
154,7995,A,G,0.2229,snp,0.9596,A:105:72,C:1:37,G:8262:9954,T:5:9,,
155,8022,IT,d,0.7406,lp,0.04462,IT:3:6,d:11333:8829,,,,
156,8024,A,T,0.5458,snp,0.1086,A:8:14,C:8:7,G:2:0,T:11581:8644,,
157,8024,ICA,d,0.4468,lp,0.02984,ICA:1:5,d:11585:8515,,,,
158,8026,A,G,0.9525,snp,0.1668,A:14:20,C:1:0,G:11861:8476,T:6:6,,
159,8027,C,T,0.3935,snp,0.2352,A:6:2,C:17:31,G:17:3,T:11887:8441,,
160,8286,IG,d,0.5111,lp,1.892,IA:0:3,IG:304:324,IGG:8:8,d:16187:16359,,
161,8287,D1,i,0.6754,lp,0.7329,D1:128:120,D2:3:1,i:16699:16888,,,
162,8338,IG,d,0.5085,lp,0.02605,IG:6:3,d:17133:17405,,,,
163,8339,T,A,0.1109,snp,0.0686,A:17333:17602,C:1:7,G:8:8,T:8:16,,
164,8342,IA,d,0.1804,lp,0.02586,IA:7:2,d:17238:17560,,,,
165,8350,T,C,0.1292,snp,0.1197,A:4:8,C:17489:18352,G:3:10,T:27:16,,
166,8414,D1,i,0.1736,lp,0.1416,D1:19:31,i:16794:18474,,,,
167,8435,IT,d,0.1299,lp,0.0201,IT:1:6,d:16345:18478,,,,
168,8461,T,G,0.9764,snp,0.04991,A:4:8,C:4:7,G:16136:17888,T:9:8,,
169,8465,T,G,0.9337,snp,0.2533,A:4:5,C:0:3,G:15990:17865,T:45:41,,
170,8511,IC,d,0.4279,lp,0.01568,IA:2:0,IC:1:4,d:14299:17591,,,
171,8515,C,A,0.2015,snp,0.03107,A:14365:17784,C:2:8,G:10:12,T:0:2,,
172,8529,C,T,0.8865,snp,0.1485,A:0:2,C:21:25,G:2:0,T:13798:17136,,
173,8530,A,G,0.7178,snp,0.07098,A:9:13,C:6:9,G:13839:17097,T:13:9,,
174,8577,D1,i,0.3568,lp,0.03665,D1:3:7,i:12642:14630,,,,
175,8666,C,T,0.4311,snp,0.4498,A:9:9,C:75:49,G:2:11,T:11797:15617,,
176,8836,D1,i,0.8955,lp,0.09599,D1:8:11,i:8033:11741,,,,
177,8868,D1,i,0.8282,lp,0.02684,D1:4:1,i:7095:11528,,,,
178,8870,D1,i,0.829,lp,0.02701,D1:4:1,i:6954:11553,,,,
179,8872,T,C,0.1675,snp,0.049,A:4:6,C:6886:11453,G:2:6,T:8:1,,
180,8982,T,G,0.2217,snp,0.1672,A:5:6,C:2:1,G:6582:8330,T:17:8,,
181,8983,ITT,d,0.3261,lp,0.0533,ITT:6:2,d:6693:8308,,,,
182,8984,T,A,0.09613,snp,0.1653,A:6336:8323,C:12:9,G:379:40,T:18:7,,
183,9017,D1,i,0.2174,lp,0.1899,D1:10:19,D2:0:3,i:6996:8240,,,
184,9038,D1,i,0.6324,lp,0.103,D1:6:8,i:6687:6890,,,,
185,9063,IA,d,0.8981,lp,0.1014,IA:8:6,d:7643:6143,,,,
186,9073,A,G,0.6321,snp,0.8481,A:70:51,C:1:2,G:7874:6268,T:2:0,,
187,9110,IT,d,0.1406,lp,0.04715,IT:6:1,d:8229:6611,,,,
188,9111,T,G,0.1084,snp,0.1268,A:2:3,C:1:2,G:8284:6676,T:14:5,,
189,9111,IT,d,0.1401,lp,0.04689,IT:6:1,d:8261:6659,,,,
190,9207,T,C,0.04916,snp,0.2159,A:8:4,C:10060:8406,G:6:2,T:28:12,,
191,9265,D1,i,0.8531,lp,0.08879,D1:10:8,i:10811:9443,,,,
192,9406,A,C,0.3283,snp,0.1016,A:9:14,C:11449:11151,G:10:4,T:5:4,,
193,9515,C,T,0.1124,snp,0.1007,A:1:2,C:7:18,G:3:1,T:13949:10852,,
194,9527,D1,i,0.7424,lp,0.03134,D1:5:3,i:14045:11470,,,,
195,9532,T,C,0.4273,snp,0.1036,A:4:5,C:14413:11616,G:0:2,T:17:10,,
196,9579,A,C,0.4882,snp,0.06391,A:12:7,C:16377:13276,G:14:9,T:22:10,,
197,9611,G,A,0.5189,snp,0.1279,A:17940:13270,C:2:7,G:15:25,T:5:13,,
198,9612,C,A,0.05636,snp,0.05126,A:17960:13165,C:3:13,G:34:30,T:0:10,,
199,9613,A,G,0.5002,snp,0.09916,A:16:15,C:0:3,G:17984:13235,T:6:5,,
200,9614,A,G,0.1408,snp,0.1248,A:12:27,C:6:6,G:17948:13228,T:9:6,,
201,9617,A,C,0.07392,snp,0.1154,A:10:26,C:17899:13189,G:5:1,T:7:54,,
202,9632,T,G,0.07176,snp,0.2482,A:7:5,C:5:4,G:18484:13641,T:54:26,,
203,9645,C,T,0.0794,snp,0.2655,A:38:6,C:61:29,G:53:11,T:19744:13961,,
204,9758,T,G,0.421,snp,0.1093,A:12:13,C:7:2,G:19559:17873,T:17:24,,
205,9794,D1,i,0.16,lp,0.03444,D1:10:4,i:21404:19230,,,,
206,9817,D1,i,0.04026,lp,0.04312,D1:4:14,D2:0:6,i:22394:19329,,,
207,9852,G,A,0.7672,snp,0.1254,A:23147:19045,C:0:3,G:25:28,T:4:5,,
208,9855,C,T,0.2653,snp,0.1201,A:5:9,C:19:32,G:4:18,T:23301:19060,,
209,9857,ITC,d,0.1136,lp,0.03088,IC:0:2,IT:0:1,ITC:3:10,d:23187:18895,,
210,9861,C,A,0.4877,snp,0.04506,A:23263:18850,C:7:12,G:13:13,T:5:2,,
211,9937,C,G,0.3797,snp,0.05522,A:7:9,C:9:14,G:21515:20081,T:4:9,,
212,9938,A,T,0.925,snp,0.05059,A:10:11,C:17:16,G:13:5,T:21277:20163,,
213,10052,T,A,0.05422,snp,0.05384,A:19671:22997,C:0:3,G:13:13,T:17:6,,
214,10145,IT,d,0.2508,lp,0.01687,IA:227:25,IT:6:1,d:17331:23900,,,
215,10184,G,T,0.7079,snp,0.1079,A:6:5,C:17:16,G:18:25,T:17765:21983,,
216,10249,A,G,0.06697,snp,0.08491,A:6:22,C:3:9,G:12586:20326,T:17:7,,
217,10250,A,G,0.1574,snp,0.08478,A:7:21,C:2:11,G:12522:20448,T:6:8,,
218,10307,D1,i,1.109,lp,0.01693,D1:1:4,i:9178:20347,,,,
219,10378,IC,d,0.3457,lp,0.06423,IA:0:1,IC:2:8,IGT:1:0,IT:35:3,d:5610:9909,
220,10379,A,T,1.164,snp,0.07092,A:4:7,C:5:21,G:2:1,T:5657:9813,,
221,10382,C,A,0.06507,snp,0.07205,A:5590:9656,C:1:10,G:2:2,T:3:3,,
222,10383,A,G,0.3507,snp,0.1041,A:4:12,C:1:1,G:5551:9778,T:8:12,,
223,10424,D2,i,0.457,lp,0.09903,D2:6:6,i:4359:7747,,,,
224,10492,IT,d,0.4189,lp,0.5297,IT:15:21,ITT:2:2,d:3271:3485,,,
225,10503,G,A,0.2265,snp,0.6757,A:3368:3073,C:4:5,G:17:27,T:6:12,,
226,10956,C,T,0.698,snp,2.187,C:1:10,T:90:402,,,,
227,10958,G,C,1.001,snp,1.23,C:87:395,G:1:5,,,,
228,10961,T,C,1.001,snp,1.285,C:80:379,G:0:2,T:1:5,,,
229,10964,IC,d,1.001,lp,1.456,IC:1:5,d:75:331,,,,
230,10969,C,A,1.001,snp,1.496,A:70:325,C:1:5,,,,
