,# Ref_Pos,Var,Cons,Strd_bias_pval,Type,Var_perc,SNP_or_LP_Profile,,,,,,,
0,41,IA,d,0.22,lp,0.1463,IA:15:1,d:8664:2260,,,,,,
1,67,D1,i,0.6727,lp,0.04322,D1:5:2,i:12352:3838,,,,,,
2,72,A,G,0.2823,snp,0.111,A:12:7,C:0:9,G:12898:4183,T:5:1,,,,
3,94,C,T,0.3158,snp,1.015,A:3:2,C:151:50,G:3:0,T:14088:5498,,,,
4,237,IT,d,0.5768,lp,0.02854,IT:7:3,d:14954:20079,,,,,,
5,241,A,G,0.7153,snp,0.04261,A:8:7,C:3:7,G:14773:20389,T:8:5,,,,
6,267,G,A,0.5401,snp,0.3118,A:19058:26334,C:1:10,G:56:86,T:1:1,,,,
7,268,T,G,0.3319,snp,0.147,A:9:5,C:1:8,G:19063:26426,T:32:35,,,,
8,292,T,C,0.865,snp,0.04814,A:10:6,C:19913:27813,G:6:10,T:13:10,,,,
9,294,T,G,0.9856,snp,0.06484,A:9:12,C:0:3,G:19950:27803,T:18:13,,,,
10,311,D1,i,0.2687,lp,0.03289,D1:5:12,i:22053:29614,,,,,,
11,345,D1,i,0.7316,lp,0.03571,D1:9:10,D2:2:2,i:23114:30063,,,,,
12,405,A,G,0.5138,snp,0.1168,A:29:29,C:4:6,G:22666:26900,T:6:9,,,,
13,450,T,C,0.2932,snp,0.3193,A:9:14,C:22644:26035,G:2:4,T:66:90,,,,
14,458,IC,d,0.2736,lp,0.02672,IC:9:4,d:22324:26309,,,,,,
15,461,T,G,0.6775,snp,0.08749,A:11:5,C:5:9,G:22415:26663,T:22:21,,,,
16,466,T,G,0.1954,snp,0.3471,A:16:32,C:1:5,G:22511:26813,T:102:70,,,,
17,550,A,G,0.8185,snp,0.2416,A:54:66,C:1:4,G:21768:27754,T:14:12,,,,
18,551,T,C,0.08187,snp,0.5135,A:5:2,C:21651:27732,G:8:5,T:157:98,,,,
19,635,T,C,0.03588,snp,1.076,A:11:11,C:19730:23086,G:3:13,T:192:274,,,,
20,723,A,C,0.1133,snp,0.1283,A:15:32,C:15867:20694,G:0:4,T:3:24,,,,
21,727,T,A,0.06983,snp,0.07306,A:15950:20953,C:1:4,G:9:14,T:7:20,,,,
22,751,A,G,0.5054,snp,0.1594,A:27:29,C:2:7,G:15350:19699,T:6:4,,,,
23,756,T,G,0.8613,snp,0.08169,A:11:134,C:1:9,G:15326:18766,T:15:13,,,,
24,779,T,C,0.9715,snp,1.922,A:3:5,C:14458:16543,G:6:5,T:284:324,,,,
25,925,A,G,0.2793,snp,1.79,A:380:314,C:4:0,G:20050:18004,T:3:8,,,,
26,951,T,G,0.7177,snp,0.5661,A:4:4,C:2:4,G:21028:19532,T:114:117,,,,
27,969,T,C,0.9086,snp,0.1948,A:2:11,C:21239:20224,G:11:10,T:42:39,,,,
28,982,T,A,0.9571,snp,0.03321,A:21353:20748,C:1:2,G:17:15,T:7:7,,,,
29,990,T,C,0.7474,snp,0.1787,A:6:2,C:21555:20893,G:3:4,T:40:36,,,,
30,994,C,G,0.384,snp,0.1201,A:7:5,C:29:22,G:21514:20869,T:8:6,,,,
31,998,C,T,0.369,snp,0.1552,A:2:2,C:37:29,G:2:4,T:21452:21002,,,,
32,1025,IT,d,0.125,lp,0.01648,IT:6:1,d:21122:21352,,,,,,
33,1027,T,G,0.4873,snp,0.03966,A:3:6,C:5:4,G:21244:21583,T:10:7,,,,
34,1062,C,T,0.9163,snp,0.3394,A:4:3,C:75:77,G:2:0,T:22206:22415,,,,
35,1095,D1,i,0.6956,lp,0.01315,D1:4:2,i:22686:22922,,,,,,
36,1096,T,A,0.2852,snp,0.04602,A:22682:22892,C:0:5,G:14:19,T:13:8,,,,
37,1097,T,A,0.08762,snp,0.02631,A:22621:22923,C:3:7,G:19:26,T:9:3,,,,
38,1169,D1,i,0.0412,lp,0.01909,D1:1:8,i:22745:24383,,,,,,
39,1170,A,C,0.5909,snp,0.04023,A:8:11,C:22760:24393,G:10:7,T:18:23,,,,
40,1176,A,C,0.1258,snp,0.2289,A:44:64,C:22635:24413,G:6:9,T:7:7,,,,
41,1213,A,G,0.9113,snp,0.1994,A:45:49,C:9:12,G:22235:24775,T:12:12,,,,
42,1227,D1,i,0.9407,lp,0.06872,D1:17:15,i:22120:24417,,,,,,
43,1233,D1,i,0.464,lp,0.03898,D1:11:7,i:21928:24226,,,,,,
44,1241,T,G,0.7637,snp,0.05292,A:13:7,C:7:5,G:21257:24042,T:12:12,,,,
45,1242,G,C,0.8038,snp,0.05958,A:8:10,C:21145:24052,G:12:15,T:58:20,,,,
46,1247,G,A,0.2041,snp,0.09501,A:21186:24016,C:5:3,G:27:16,T:5:1,,,,
47,1257,A,G,0.9033,snp,0.5352,A:113:129,C:1:2,G:21089:23783,T:88:15,,,,
48,1268,D1,i,0.3788,lp,0.06188,D1:17:11,i:21522:23697,,,,,,
49,1271,T,G,0.9768,snp,0.1943,A:5:12,C:5:6,G:21631:24050,T:47:42,,,,
50,1274,G,A,0.2192,snp,0.1021,A:21721:24234,C:2:17,G:18:29,T:2:4,,,,
51,1346,C,G,0.2134,snp,0.0438,A:9:6,C:7:14,G:22453:25438,T:7:9,,,,
52,1349,T,G,0.8831,snp,0.06084,A:13:12,C:4:8,G:22332:25271,T:14:15,,,,
53,1364,D1,i,0.1555,lp,0.02135,D1:2:8,i:22788:24048,,,,,,
54,1365,IA,d,0.04861,lp,0.0411,IA:5:14,IC:0:1,IT:0:5,d:22613:23591,,,,
55,1388,D1,i,0.4321,lp,0.05117,D1:14:10,i:23588:23294,,,,,,
56,1542,G,A,0.1021,snp,0.07169,A:26626:27680,C:0:35,G:14:25,T:3:15,,,,
57,1554,A,T,0.2245,snp,0.02725,A:5:10,C:14:22,G:8:3,T:26947:28029,,,,
58,1555,A,G,0.7635,snp,0.04722,A:12:14,C:7:5,G:27005:27995,T:12:9,,,,
59,1590,D1,i,0.09919,lp,0.02577,D1:11:4,i:27896:30297,,,,,,
60,1665,T,G,0.5588,snp,0.08727,A:7:4,C:2:3,G:27643:35309,T:33:22,,,,
61,1705,A,G,0.3976,snp,0.1208,A:31:45,C:4:15,G:28651:34134,T:8:10,,,,
62,1752,A,G,0.5294,snp,0.348,A:96:126,C:7:15,G:28804:34720,T:16:6,,,,
63,1753,T,C,0.9653,snp,0.293,A:12:36,C:28809:34767,G:3:8,T:85:102,,,,
64,1806,T,G,0.275,snp,0.4243,A:4:9,C:2:4,G:27695:37996,T:109:171,,,,
65,1821,D1,i,0.4722,lp,0.02971,D1:7:13,D2:1:1,i:28907:38384,,,,,
66,1825,D1,i,0.1507,lp,0.01931,D1:10:3,i:28808:38503,,,,,,
67,1870,A,T,0.09106,snp,0.03919,A:7:20,C:17:25,G:11:2,T:28883:39933,,,,
68,1877,G,T,0.5563,snp,0.04625,A:6:9,C:18:34,G:15:17,T:28846:40246,,,,
69,1903,D1,i,0.6748,lp,0.04259,D1:16:13,D2:3:1,i:27901:40162,,,,,
70,1913,T,C,0.8663,snp,0.4261,A:9:16,C:27704:38863,G:1:7,T:120:165,,,,
71,2046,D1,i,0.8021,lp,0.04251,D1:12:14,D2:1:0,i:26728:34414,,,,,
72,2124,D1,i,0.7782,lp,0.04845,D1:14:13,i:25315:30386,,,,,,
73,2188,D1,i,0.564,lp,0.03432,D1:11:7,D2:3:4,i:23941:28488,,,,,
74,2202,T,C,0.4659,snp,0.4189,A:2:140,C:23906:28711,G:3:14,T:116:106,,,,
75,2251,D1,i,0.3346,lp,0.01164,D1:5:1,i:23486:28074,,,,,,
76,2277,T,A,0.7728,snp,0.02982,A:24859:28723,C:11:7,G:15:17,T:8:8,,,,
77,2304,T,C,0.728,snp,0.1712,A:10:8,C:24266:28756,G:10:6,T:51:40,,,,
78,2321,C,T,0.3248,snp,3.244,A:2:2,C:787:956,G:2:0,T:24093:27893,,,,
79,2323,T,C,0.9755,snp,0.1874,A:3:7,C:24936:28829,G:11:6,T:47:54,,,,
80,2328,D1,i,0.5194,lp,0.0167,D1:6:3,i:24936:28961,,,,,,
81,2329,T,G,0.8218,snp,0.05761,A:8:12,C:1:1,G:24927:28828,T:16:15,,,,
82,2349,A,G,0.08244,snp,0.1123,A:21:38,C:1:6,G:24595:27865,T:13:11,,,,
83,2360,IG,d,0.8504,lp,0.07302,IG:17:21,IGG:0:1,d:24058:27944,,,,,
84,2361,D1,i,0.3283,lp,0.07409,D1:24:15,i:24337:28261,,,,,,
85,2376,T,G,0.04982,snp,0.08044,A:11:7,C:4:4,G:24007:28139,T:29:13,,,,
86,2377,A,T,0.5861,snp,0.03831,A:12:8,C:17:18,G:12:5,T:24010:28118,,,,
87,2378,D1,i,0.09504,lp,0.02488,D1:10:3,i:24113:28123,,,,,,
88,2382,D1,i,0.7237,lp,0.03966,D1:9:12,i:24722:28208,,,,,,
89,2396,C,G,0.8267,snp,0.05067,A:16:13,C:15:12,G:24767:28450,T:8:6,,,,
90,2518,C,A,0.9795,snp,2.452,A:24900:28744,C:626:724,G:15:31,T:3:3,,,,
91,2564,D1,i,0.7339,lp,0.01542,D1:3:5,i:24433:27428,,,,,,
92,2571,D1,i,0.6344,lp,0.03273,D1:7:10,i:24370:27554,,,,,,
93,2606,A,T,0.8319,snp,0.05273,A:13:14,C:20:29,G:3:1,T:23574:27547,,,,
94,2607,A,T,0.4732,snp,0.05467,A:11:17,C:13:22,G:1:6,T:23555:27591,,,,
95,2610,C,G,0.4,snp,0.04696,A:8:10,C:9:15,G:23513:27532,T:9:8,,,,
96,2616,C,T,0.4603,snp,0.4947,A:6:5,C:121:132,G:7:5,T:23146:27720,,,,
97,2672,D1,i,0.4265,lp,0.029,D1:5:9,i:22348:25906,,,,,,
98,2678,D1,i,1.086,lp,0.0102,D1:2:3,i:22260:26765,,,,,,
99,2679,T,A,0.2875,snp,0.2506,A:22220:26694,C:4:10,G:16:9,T:50:73,,,,
100,2688,A,C,0.0535,snp,0.07601,A:11:26,C:22143:26465,G:3:8,T:7:15,,,,
101,2693,A,T,0.1729,snp,0.08238,A:14:26,C:6:17,G:9:11,T:22177:26297,,,,
102,2733,T,C,0.6983,snp,0.1494,A:16:9,C:21614:25111,G:6:15,T:36:34,,,,
103,2737,T,G,0.6335,snp,0.2398,A:6:5,C:1:1,G:21844:25147,T:63:50,,,,
104,2784,T,C,0.09486,snp,0.3725,A:9:16,C:22499:22408,G:2:3,T:73:95,,,,
105,2794,IA,d,0.6455,lp,0.0404,IA:8:10,d:22208:22326,,,,,,
106,2821,IG,d,0.4116,lp,0.04492,IG:8:12,d:21885:22614,,,,,,
107,2839,D1,i,0.8464,lp,0.03318,D1:8:7,i:22223:22975,,,,,,
108,2926,C,T,0.6175,snp,0.3442,A:11:5,C:90:78,G:10:2,T:25096:23512,,,,
109,2937,T,G,0.0555,snp,0.07586,A:11:4,C:3:5,G:25246:23466,T:25:12,,,,
110,2988,D1,i,0.4539,lp,0.01416,D1:2:5,i:25279:24165,,,,,,
111,2989,T,A,0.03694,snp,0.03445,A:25210:24052,C:10:13,G:23:22,T:4:13,,,,
112,2990,C,G,0.8729,snp,0.09339,A:7:7,C:23:23,G:25161:23924,T:17:93,,,,
113,3036,A,G,0.9658,snp,0.1635,A:40:40,C:4:10,G:24290:24520,T:9:7,,,,
114,3057,C,T,0.8837,snp,0.3137,A:9:6,C:73:80,G:43:15,T:23437:25117,,,,
115,3080,A,G,0.05726,snp,0.2354,A:44:71,C:6:25,G:22942:25742,T:18:5,,,,
116,3213,D1,i,0.9506,lp,0.04869,D1:13:7,i:14642:26414,,,,,,
117,3249,IT,d,0.2813,lp,0.02111,IT:1:7,d:13017:24864,,,,,,
118,3250,C,A,0.6373,snp,0.06004,A:13178:25065,C:14:9,G:11:20,T:2:6,,,,
119,3272,D1,i,0.4991,lp,0.05593,D1:6:14,i:13335:22404,,,,,,
120,3290,IT,d,1,lp,0.02097,IT:4:3,d:14191:19181,,,,,,
121,3292,IT,d,0.4832,lp,0.03606,IT:8:4,d:14426:18840,,,,,,
122,3441,T,A,0.5682,snp,0.08537,A:14620:18129,C:2:2,G:6:13,T:14:14,,,,
123,3444,C,T,0.9155,snp,0.1741,A:4:4,C:25:32,G:7:3,T:14550:18110,,,,
124,3445,A,G,0.6377,snp,0.1068,A:17:18,C:3:6,G:14599:18113,T:6:17,,,,
125,3451,C,G,0.7292,snp,0.07699,A:10:8,C:12:13,G:14440:17972,T:7:9,,,,
126,3462,A,T,0.6528,snp,0.4039,A:77:57,C:12:18,G:9:2,T:14674:18328,,,,
127,3470,G,A,0.7021,snp,0.4005,A:14371:18159,C:4:28,G:71:60,T:4:11,,,,
128,3505,D1,i,0.2395,lp,0.02016,D1:1:5,i:14760:14997,,,,,,
129,3507,T,G,0.2821,snp,0.0956,A:6:17,C:0:4,G:14785:14450,T:11:17,,,,
130,3525,D1,i,0.3738,lp,0.06523,D1:8:12,i:15337:15305,,,,,,
131,3549,D1,i,0.7541,lp,0.05047,D1:7:9,i:16583:15102,,,,,,
132,3560,A,G,0.5216,snp,0.1424,A:19:26,C:4:0,G:16720:14831,T:7:2,,,,
133,3564,C,T,0.05221,snp,0.2351,A:3:1,C:27:48,G:1:3,T:16802:15022,,,,
134,3570,T,C,0.9602,snp,0.4765,A:6:3,C:16840:14884,G:8:7,T:81:71,,,,
135,3576,T,C,0.4517,snp,0.2649,A:4:6,C:17124:15230,G:6:7,T:49:37,,,,
136,3664,D1,i,0.8666,lp,0.06321,D1:12:10,i:18349:16431,,,,,,
137,3672,C,T,0.6348,snp,0.4921,A:3:1,C:86:88,G:2:1,T:18424:16754,,,,
138,3708,D1,i,0.1222,lp,0.1652,D1:39:24,i:19860:18208,,,,,,
139,3748,A,G,0.7062,snp,0.5845,A:122:114,C:1:4,G:21239:18892,T:5:2,,,,
140,3779,C,T,0.8768,snp,0.1123,A:8:3,C:24:22,G:5:3,T:21810:19103,,,,
141,3795,A,G,0.8946,snp,0.04751,A:11:9,C:1:1,G:22508:19543,T:9:10,,,,
142,3807,C,T,0.3004,snp,0.6966,A:2:1,C:152:145,G:1:2,T:22938:19396,,,,
143,3864,T,C,0.2427,snp,0.3745,A:11:8,C:25129:19538,G:8:1,T:81:87,,,,
144,3887,D1,i,0.8992,lp,0.04835,D1:10:12,i:25418:20063,,,,,,
145,3964,IT,d,0.2422,lp,0.01249,IT:1:5,d:25085:22944,,,,,,
146,3968,A,T,0.07134,snp,0.05964,A:9:20,C:21:21,G:1:1,T:25360:23189,,,,
147,4010,A,T,0.04051,snp,0.05186,A:7:19,C:22:18,G:7:0,T:26538:23521,,,,
148,4032,A,G,0.4229,snp,0.4187,A:121:96,C:14:6,G:27346:24223,T:11:5,,,,
149,4036,T,C,0.7078,snp,0.3057,A:16:5,C:27479:24331,G:16:4,T:82:77,,,,
150,4065,D1,i,0.05502,lp,0.04746,D1:18:7,i:27823:24833,,,,,,
151,4109,IA,d,0.6422,lp,0.2404,IA:63:64,IG:1:0,d:27647:25060,,,,,
152,4110,D1,i,0.977,lp,0.2416,D1:68:61,D2:1:0,D3:1:1,i:28007:25253,,,,
153,4182,A,T,0.3583,snp,0.08556,A:19:26,C:20:14,G:5:3,T:26737:25768,,,,
154,4194,C,T,0.7001,snp,0.1288,A:2:2,C:32:36,G:1:0,T:26685:26049,,,,
155,4201,A,G,0.5536,snp,0.06789,A:20:16,C:1:5,G:26805:26153,T:18:11,,,,
156,4332,T,C,0.8837,snp,0.2474,A:7:15,C:26134:29460,G:6:11,T:64:74,,,,
157,4430,A,C,0.4559,snp,0.1175,A:27:36,C:25424:28031,G:3:7,T:28:39,,,,
158,4431,A,G,0.04572,snp,0.1257,A:24:43,C:86:6,G:25453:27613,T:35:60,,,,
159,4433,A,G,0.4638,snp,0.08873,A:27:20,C:2:0,G:25325:27567,T:20:9,,,,
160,4434,IA,d,0.4563,lp,0.01341,IA:2:5,IG:0:1,d:24946:27254,,,,,
161,4435,C,G,0.7849,snp,0.07581,A:6:18,C:20:20,G:25202:27460,T:17:21,,,,
162,4457,D1,i,0.768,lp,0.007524,D1:3:1,i:25971:27187,,,,,,
163,4459,IT,d,0.7678,lp,0.007549,IT:3:1,d:26158:26823,,,,,,
164,4527,T,C,0.9944,snp,0.2773,A:8:4,C:26616:27671,G:8:5,T:74:77,,,,
165,4536,A,G,0.9054,snp,0.8352,A:230:222,C:4:7,G:26198:27443,T:7:10,,,,
166,4538,D1,i,0.1614,lp,0.03872,D1:14:7,i:26351:27860,,,,,,
167,4593,IG,d,0.5095,lp,0.0166,IA:2:4,IAA:0:1,IC:0:9,ICA:0:3,IG:3:6,ITA:0:2,ITG:0:1,d:26970:27232
168,4597,ITT,d,0.5369,lp,0.00938,IA:1:1,ICT:0:4,IGT:0:4,IT:4:81,ITT:1:4,d:27125:26082,,
169,4600,C,T,0.1828,snp,0.1028,A:14:117,C:21:33,G:4:2,T:27285:25034,,,,
170,4635,T,C,0.9002,snp,0.4042,A:9:14,C:27599:26577,G:5:3,T:107:113,,,,
171,4650,IA,d,0.9709,lp,0.06165,IA:16:17,IGA:1:0,d:27387:26107,,,,,
172,4651,D1,i,0.489,lp,0.1438,D1:43:35,D2:1:0,D3:0:1,i:27738:26428,,,,
173,4656,D1,i,0.8116,lp,0.07135,D1:21:18,i:28370:26252,,,,,,
174,4745,D1,i,0.1038,lp,0.04901,D1:18:9,i:28089:26972,,,,,,
175,4750,A,C,0.07771,snp,0.07572,A:27:15,C:28074:27322,G:3:2,T:9:18,,,,
176,4766,IA,d,0.04106,lp,0.01659,IA:1:8,d:27658:26570,,,,,,
177,4767,IC,d,0.2826,lp,0.01104,IAAC:0:2,IC:1:5,d:27663:26670,,,,,
178,4786,G,A,0.08283,snp,0.1061,A:26927:27670,C:1:3,G:22:36,T:7:1,,,,
179,4791,D1,i,0.5746,lp,0.03863,D1:9:12,i:26615:27722,,,,,,
180,4802,T,G,0.1337,snp,0.07758,A:25:9,C:5:0,G:28337:28295,T:17:27,,,,
181,4806,T,G,0.2976,snp,0.0558,A:7:7,C:4:2,G:28551:28744,T:13:19,,,,
182,4817,D1,i,0.3673,lp,0.04692,D1:16:11,D2:0:2,i:28426:29095,,,,,
183,4825,IT,d,0.2924,lp,0.01401,IT:6:2,d:27695:29408,,,,,,
184,4827,T,C,0.7898,snp,0.1072,A:11:12,C:27984:29764,G:15:6,T:33:29,,,,
185,4828,G,A,0.8048,snp,0.0778,A:28020:29748,C:4:4,G:24:21,T:11:7,,,,
186,4866,C,G,0.05882,snp,0.09321,A:9:6,C:20:36,G:28986:30991,T:18:11,,,,
187,4869,C,G,0.3933,snp,0.08339,A:10:27,C:21:29,G:28757:31093,T:8:11,,,,
188,4887,A,G,0.6428,snp,0.1449,A:43:44,C:1:5,G:28141:31802,T:11:14,,,,
189,4891,T,G,0.7729,snp,0.05676,A:5:5,C:3:3,G:29668:31945,T:16:19,,,,
190,4913,D1,i,0.0419,lp,0.01431,D1:8:1,i:30265:32608,,,,,,
191,4923,A,G,0.7003,snp,1.051,A:337:321,C:8:9,G:29745:32183,T:10:12,,,,
192,4960,D1,i,0.4014,lp,0.03616,D1:9:14,D2:2:0,i:30437:33144,,,,,
193,4969,C,G,0.1566,snp,0.02981,A:10:10,C:6:13,G:30437:33189,T:17:48,,,,
194,4980,T,C,0.7754,snp,0.2966,A:19:10,C:30251:32903,G:2:20,T:92:96,,,,
195,5001,D1,i,0.2845,lp,0.04517,D1:11:18,D2:2:0,i:30709:33457,,,,,
196,5035,D1,i,0.1456,lp,0.05248,D1:12:22,i:30927:33824,,,,,,
197,5078,A,T,0.3265,snp,0.1954,A:71:53,C:13:20,G:8:17,T:29833:33433,,,,
198,5085,T,C,0.9968,snp,0.1842,A:20:24,C:29231:33573,G:4:17,T:54:62,,,,
199,5094,T,C,0.6219,snp,0.3525,A:11:17,C:28349:33515,G:10:7,T:104:115,,,,
200,5133,G,A,0.5095,snp,0.5008,A:26338:30868,C:3:6,G:127:161,T:5:5,,,,
201,5134,T,A,0.1714,snp,0.442,A:26307:30850,C:3:16,G:18:17,T:106:148,,,,
202,5166,IA,d,0.6014,lp,0.09446,IA:22:32,d:25285:31826,,,,,,
203,5167,D1,i,0.6655,lp,0.1644,D1:40:55,i:25569:32135,,,,,,
204,5219,D1,i,0.1859,lp,0.02182,D1:3:9,i:24162:30810,,,,,,
205,5229,IT,d,0.04213,lp,0.02288,IC:0:7,IG:1:12,IT:2:10,d:24068:28345,,,,
206,5246,D1,i,0.1698,lp,0.0319,D1:5:12,i:24508:28761,,,,,,
207,5457,T,C,0.755,snp,0.224,A:9:8,C:24796:27300,G:3:6,T:54:63,,,,
208,5502,D1,i,0.1629,lp,0.04769,D1:8:16,i:23924:26379,,,,,,
209,5532,G,A,0.8015,snp,0.2369,A:24144:25100,C:4:7,G:56:61,T:5:5,,,,
210,5553,T,C,0.8949,snp,0.4622,A:12:11,C:24096:25611,G:9:5,T:113:118,,,,
211,5577,C,T,0.0828,snp,0.2716,A:2:11,C:56:84,G:14:10,T:24310:27050,,,,
212,5658,T,C,0.1245,snp,0.6488,A:7:14,C:25290:31176,G:13:7,T:180:189,,,,
213,5709,T,C,0.3428,snp,0.1389,A:9:34,C:26069:32845,G:4:7,T:50:32,,,,
214,5710,G,A,0.314,snp,0.08624,A:26113:32922,C:6:7,G:32:19,T:32:5,,,,
215,5711,T,A,0.1964,snp,0.06384,A:26528:32917,C:4:4,G:17:15,T:25:13,,,,
216,5732,D1,i,0.7313,lp,0.03849,D1:10:14,D2:0:1,i:28142:34179,,,,,
217,5798,IA,d,0.1327,lp,0.0642,IA:26:14,d:29180:33082,,,,,,
218,5817,C,T,0.6629,snp,0.191,A:3:8,C:60:59,G:27:25,T:29561:32565,,,,
219,5847,G,T,0.793,snp,0.03862,A:9:6,C:21:31,G:11:13,T:30107:31950,,,,
220,5853,D1,i,0.7386,lp,0.03865,D1:13:11,D2:1:0,i:30561:31506,,,,,
221,5914,G,A,0.2414,snp,0.1209,A:32082:31487,C:3:8,G:33:44,T:7:7,,,,
222,5938,G,A,0.9947,snp,0.208,A:33114:31133,C:3:13,G:69:65,T:2:17,,,,
223,5971,T,A,0.7671,snp,0.07707,A:32467:33606,C:2:5,G:19:24,T:24:27,,,,
224,5994,C,T,0.06423,snp,1.225,A:20:9,C:359:456,G:37:12,T:31025:34602,,,,
225,6019,T,G,0.6888,snp,0.06725,A:9:9,C:3:5,G:31721:36607,T:26:20,,,,
226,6022,IT,d,0.06185,lp,0.01615,IA:0:1,IT:9:2,d:31493:36589,,,,,
227,6035,T,A,0.2595,snp,0.04499,A:31356:37456,C:7:9,G:21:17,T:20:11,,,,
228,6036,IG,d,0.9852,lp,0.1161,IG:43:36,d:30894:37056,,,,,,
229,6040,C,G,0.4314,snp,0.3484,A:48:22,C:108:138,G:32549:37660,T:56:25,,,,
230,6042,T,G,0.3645,snp,0.1364,A:51:24,C:31:13,G:32448:37715,T:56:40,,,,
231,6043,IAA,d,0.04156,lp,0.02153,IAA:3:12,ITCAA:0:1,d:32208:37449,,,,,
232,6048,A,G,0.05688,snp,0.06737,A:15:32,C:6:8,G:31880:37790,T:14:18,,,,
233,6069,T,C,0.7391,snp,0.4486,A:19:25,C:32605:37671,G:4:20,T:150:167,,,,
234,6138,T,C,0.3442,snp,0.6049,A:12:11,C:31167:40756,G:15:10,T:180:258,,,,
235,6144,T,A,0.6615,snp,0.4633,A:31119:40525,C:4:43,G:22:40,T:193:141,,,,
236,6168,T,C,0.378,snp,0.8331,A:16:18,C:30641:37885,G:2:2,T:247:329,,,,
237,6189,T,C,0.6822,snp,0.2693,A:12:9,C:29348:35791,G:3:11,T:82:94,,,,
238,6203,IA,d,0.7059,lp,0.07756,IA:21:26,d:28719:31831,,,,,,
239,6204,D1,i,0.3394,lp,0.157,D1:41:55,D2:3:5,i:29037:31987,,,,,
240,6214,T,C,0.8733,snp,0.2723,A:10:13,C:28547:30752,G:5:6,T:79:83,,,,
241,6251,A,T,0.361,snp,0.03906,A:8:14,C:19:20,G:6:12,T:25916:30331,,,,
242,6252,T,G,0.362,snp,0.06048,A:5:10,C:5:4,G:25852:30310,T:13:21,,,,
243,6264,C,T,0.3215,snp,0.3281,A:3:2,C:88:93,G:3:9,T:24711:30263,,,,
244,6273,C,T,0.9753,snp,0.7202,A:2:7,C:220:173,G:2:5,T:23801:30356,,,,
245,6312,IC,d,0.8926,lp,0.007791,IA:0:1,IC:1:3,d:22177:29162,,,,,
246,6321,C,A,0.2757,snp,0.0488,A:21805:27321,C:16:8,G:16:17,T:2:0,,,,
247,6323,T,A,0.9755,snp,0.05098,A:21700:27261,C:4:13,G:12:24,T:14:11,,,,
248,6329,D1,i,0.7625,lp,0.0452,D1:9:12,D2:2:1,i:21429:25010,,,,,
249,6329,A,T,0.7372,snp,0.1464,A:30:38,C:14:15,G:0:3,T:21385:24954,,,,
250,6453,T,C,0.2108,snp,0.4002,A:16:8,C:22495:23009,G:5:6,T:82:101,,,,
251,6474,A,G,0.9868,snp,0.545,A:125:120,C:3:0,G:22829:21870,T:4:6,,,,
252,6489,A,G,0.8983,snp,0.44,A:101:95,C:2:3,G:23050:21277,T:4:13,,,,
253,6540,A,T,0.222,snp,0.03864,A:6:12,C:22:15,G:6:3,T:24321:22200,,,,
254,6541,A,G,0.8339,snp,0.04722,A:10:12,C:9:8,G:24343:22193,T:11:8,,,,
255,6546,T,C,0.6294,snp,0.2852,A:13:12,C:24188:22291,G:1:0,T:72:61,,,,
256,6631,A,G,0.9122,snp,1.134,A:274:279,C:5:7,G:24409:23737,T:14:21,,,,
257,6644,C,T,0.6632,snp,2.361,A:1:3,C:592:571,G:2:1,T:24170:23922,,,,
258,6672,T,C,0.895,snp,0.3808,A:7:9,C:25907:24555,G:7:6,T:93:100,,,,
259,6726,T,C,0.6005,snp,1.666,A:10:9,C:26291:24257,G:4:6,T:438:419,,,,
260,6742,D1,i,0.226,lp,0.0621,D1:20:12,D2:0:1,i:26678:24820,,,,,
261,6747,T,C,0.7112,snp,0.2249,A:7:4,C:26111:24826,G:65:10,T:54:61,,,,
262,6788,C,T,0.7115,snp,0.9374,A:5:0,C:257:237,G:5:1,T:26712:25480,,,,
263,6795,T,G,0.5728,snp,0.9747,A:7:6,C:5:4,G:26562:25737,T:247:268,,,,
264,6871,A,G,0.821,snp,0.2612,A:74:82,C:0:9,G:28790:30753,T:8:11,,,,
265,6888,G,C,0.3595,snp,0.03456,A:8:13,C:29055:31367,G:13:8,T:151:157,,,,
266,6888,T,C,0.7425,snp,0.5068,A:8:13,C:29055:31367,G:13:8,T:151:157,,,,
267,6964,D1,i,0.3036,lp,0.02313,D1:9:5,D2:1:2,i:30574:29924,,,,,
268,6964,C,T,0.4523,snp,0.9157,A:834:46,C:265:289,G:20:4,T:29455:29585,,,,
269,6965,A,T,0.2635,snp,0.01981,A:8:4,C:24:67,G:7:2,T:30568:29894,,,,
270,6977,IA,d,1,lp,0.005034,IA:1:2,d:30330:29263,,,,,,
271,6980,D1,i,0.06158,lp,0.02167,D1:3:10,i:30590:29387,,,,,,
272,7002,A,G,0.2005,snp,1.637,A:514:456,C:125:118,G:29545:28478,T:8:12,,,,
273,7002,C,G,0.8787,snp,0.4101,A:514:456,C:125:118,G:29545:28478,T:8:12,,,,
274,7013,D1,i,0.7273,lp,0.04672,D1:15:13,i:30114:29784,,,,,,
275,7014,C,T,0.8998,snp,0.6685,A:2:1,C:203:198,G:11:7,T:29961:29599,,,,
276,7019,G,A,0.8607,snp,0.1269,A:30074:29636,C:2:52,G:37:39,T:7:26,,,,
277,7020,T,C,0.08181,snp,0.1035,A:5:9,C:30043:29761,G:6:4,T:38:24,,,,
278,7029,A,G,0.9788,snp,0.4314,A:133:130,C:5:1,G:30619:30040,T:26:16,,,,
279,7083,D1,i,0.578,lp,0.04744,D1:17:13,D2:2:2,i:30598:32608,,,,,
280,7161,T,C,0.3495,snp,0.4174,A:16:23,C:30665:32030,G:3:15,T:121:142,,,,
281,7182,T,C,0.3207,snp,0.3784,A:12:7,C:31556:35282,G:4:13,T:112:142,,,,
282,7184,T,A,0.06178,snp,0.04439,A:31727:35763,C:6:2,G:34:22,T:9:21,,,,
283,7267,T,C,0.5563,snp,0.1819,A:7:6,C:31110:38008,G:2:6,T:60:66,,,,
284,7267,IT,d,0.06894,lp,0.1756,IA:0:1,IT:44:76,ITT:1:2,d:30657:37570,,,,
285,7268,D1,i,0.3988,lp,0.1751,D1:62:59,D2:3:2,i:30997:37977,,,,,
286,7349,C,T,0.05863,snp,0.4323,A:68:11,C:141:149,G:22:3,T:28707:37989,,,,
287,7514,D1,i,0.5774,lp,0.026,D1:8:10,i:26350:42869,,,,,,
288,7595,A,G,0.04972,snp,0.09781,A:16:42,C:6:19,G:23816:35371,T:8:19,,,,
289,7602,T,C,0.9066,snp,0.2912,A:6:20,C:23189:35321,G:1:8,T:67:104,,,,
290,7608,C,T,0.06932,snp,0.7874,A:12:16,C:199:258,G:28:135,T:22633:34756,,,,
291,7609,D1,i,0.3732,lp,0.04304,D1:13:12,i:22816:35240,,,,,,
292,7650,D1,i,0.548,lp,0.04433,D1:14:12,i:23669:34958,,,,,,
293,7661,D1,i,0.7292,lp,0.05902,D1:15:20,i:23701:35566,,,,,,
294,7674,D1,i,0.5445,lp,0.2213,D1:54:75,D2:6:6,D3:1:0,i:22827:35333,,,,
295,7686,A,G,0.4858,snp,0.5162,A:130:174,C:2:4,G:23885:34669,T:13:15,,,,
296,7689,D1,i,0.4808,lp,0.04277,D1:13:12,i:23994:34439,,,,,,
297,7793,IA,d,0.5781,lp,0.009563,IA:1:4,d:22762:29520,,,,,,
298,7798,D1,i,0.5759,lp,0.009602,D1:1:4,i:22854:29212,,,,,,
299,7834,D1,i,0.2118,lp,0.05933,D1:10:20,i:22573:27959,,,,,,
300,7891,T,C,0.3906,snp,0.2369,A:4:9,C:20855:24602,G:5:2,T:54:54,,,,
301,7928,T,G,0.5315,snp,0.1191,A:4:8,C:5:5,G:15142:23397,T:30:16,,,,
302,7930,G,A,0.7773,snp,0.2499,A:14890:23402,C:1:3,G:60:36,T:21:8,,,,
303,7930,T,A,0.2099,snp,0.07548,A:14890:23402,C:1:3,G:60:36,T:21:8,,,,
304,7934,T,G,0.4166,snp,0.1028,A:12:13,C:9:3,G:15043:23805,T:22:18,,,,
305,7970,D1,i,0.099,lp,0.0243,D1:8:1,i:14668:22358,,,,,,
306,7987,A,T,0.3048,snp,0.1799,A:26:41,C:16:38,G:1777:9,T:14954:20381,,,,
307,8026,A,G,0.04443,snp,0.0897,A:12:28,C:4:3,G:24123:20416,T:2:5,,,,
308,8133,T,G,0.7827,snp,0.3261,A:18:26,C:7:6,G:29269:25989,T:94:87,,,,
309,8203,D1,i,0.3501,lp,0.03647,D1:13:8,i:29770:27797,,,,,,
310,8250,G,A,0.5408,snp,1.147,A:28535:28076,C:2:7,G:318:339,T:0:3,,,,
311,8286,IG,d,0.7224,lp,1.921,IA:1:3,IG:540:527,IGG:9:14,d:26603:27858,,,,
312,8287,D1,i,0.6564,lp,0.9439,D1:256:279,D2:8:4,D3:3:0,i:27398:28734,,,,
313,8313,T,C,0.4816,snp,0.2125,A:11:11,C:28117:30071,G:4:3,T:56:68,,,,
314,8371,T,C,0.5525,snp,0.09695,A:2:8,C:28100:32675,G:4:6,T:34:25,,,,
315,8413,IA,d,0.5638,lp,0.06227,IA:15:22,IC:1:0,d:26878:32502,,,,,
316,8414,D1,i,0.4212,lp,0.1847,D1:46:65,D2:1:1,i:27147:32853,,,,,
317,8500,A,T,0.05598,snp,0.05169,A:8:21,C:14:27,G:4:6,T:25358:30664,,,,
318,8508,T,C,0.631,snp,0.3685,A:18:43,C:25234:29850,G:5:1,T:90:114,,,,
319,8512,D1,i,0.92,lp,0.05037,D1:15:13,i:25273:30293,,,,,,
320,8519,G,A,0.3483,snp,0.2025,A:25106:30079,C:1:5,G:46:66,T:2:5,,,,
321,8530,A,G,0.5021,snp,0.05523,A:12:18,C:7:8,G:25021:29240,T:5:8,,,,
322,8666,C,T,0.6758,snp,0.373,A:5:39,C:87:104,G:13:19,T:22454:28491,,,,
323,8670,T,C,0.2185,snp,1.33,A:7:11,C:22173:28614,G:5:2,T:283:402,,,,
324,8684,IC,d,0.3934,lp,0.009867,IC:1:4,IT:0:1,d:22247:28421,,,,,
325,8696,G,A,0.3513,snp,0.6189,A:22175:26634,C:1:2,G:130:174,T:4:3,,,,
326,8697,A,T,0.8286,snp,0.04265,A:11:10,C:14:18,G:12:24,T:22253:26896,,,,
327,8752,T,A,0.09558,snp,0.03607,A:20494:26549,C:4:4,G:31:28,T:13:4,,,,
328,8753,G,A,0.4429,snp,0.0744,A:20483:26522,C:1:1,G:22:13,T:1:1,,,,
329,8762,G,T,0.603,snp,0.452,A:39:10,C:38:28,G:96:114,T:20241:25896,,,,
330,8831,D1,i,0.4608,lp,0.04366,D1:6:12,i:17272:23937,,,,,,
331,8835,IT,d,0.3961,lp,0.08664,IT:17:18,d:16750:23611,,,,,,
332,8836,D1,i,0.7507,lp,0.04904,D1:9:11,D2:1:1,i:16914:23845,,,,,
333,8839,C,T,0.6695,snp,0.1974,A:3:7,C:35:45,G:2:0,T:16736:23692,,,,
334,8868,D1,i,1.253,lp,0.01304,D1:3:2,i:15260:23086,,,,,,
335,8870,D1,i,1,lp,0.01832,D1:4:3,i:15161:23052,,,,,,
336,8872,T,C,0.2797,snp,0.07106,A:8:18,C:15104:22823,G:6:10,T:8:19,,,,
337,8901,T,C,0.04989,snp,0.1396,A:2:12,C:14041:19560,G:3:5,T:13:34,,,,
338,8992,T,G,0.103,snp,0.1176,C:2:1,G:13467:17104,T:25:11,,,,,
339,9013,T,C,0.6396,snp,0.5953,A:10:4,C:14373:15828,G:4:6,T:83:98,,,,
340,9017,D1,i,0.9488,lp,0.1597,D1:25:23,D2:0:2,i:14244:15771,,,,,
341,9063,IA,d,0.8574,lp,0.1631,IA:27:20,IAA:0:1,d:16153:12616,,,,,
342,9064,D1,i,0.8742,lp,0.08914,D1:15:11,D2:1:1,i:16363:12778,,,,,
343,9073,A,G,0.1608,snp,0.6281,A:116:74,C:1:1,G:16822:13221,T:7:9,,,,
344,9171,T,C,0.08459,snp,0.8765,A:3:11,C:19125:18513,G:7:1,T:185:148,,,,
345,9190,D1,i,0.6356,lp,0.08793,D1:16:19,i:19996:19774,,,,,,
346,9224,D1,i,0.9452,lp,0.05669,D1:12:13,i:22614:21457,,,,,,
347,9264,IG,d,0.753,lp,0.05046,IG:12:10,d:22309:21271,,,,,,
348,9330,G,A,0.967,snp,0.5345,A:21635:20773,C:3:4,G:116:112,T:5:5,,,,
349,9403,D1,i,0.08752,lp,0.04354,D1:6:14,i:23371:22548,,,,,,
350,9406,A,C,0.05309,snp,0.05239,A:7:17,C:23378:22379,G:5:3,T:12:13,,,,
351,9485,D1,i,0.9433,lp,0.06565,D1:15:16,D2:1:0,i:24657:22533,,,,,
352,9515,C,T,0.07308,snp,0.1036,A:5:7,C:17:33,G:2:2,T:25725:22493,,,,
353,9574,D1,i,0.08383,lp,0.01529,D1:7:1,i:27492:24822,,,,,,
354,9577,T,G,0.03769,snp,0.0441,A:17:10,C:2:6,G:27227:24870,T:17:6,,,,
355,9579,A,C,0.1212,snp,0.04768,A:17:8,C:27488:24867,G:13:4,T:23:13,,,,
356,9611,G,A,0.1541,snp,0.1082,A:29160:24354,C:1:5,G:21:37,T:5:21,,,,
357,9613,A,G,0.04757,snp,0.0654,A:10:25,C:2:7,G:29276:24175,T:4:14,,,,
358,9617,A,C,0.4806,snp,0.08436,A:18:27,C:29169:23996,G:5:6,T:13:106,,,,
359,9628,T,A,0.08767,snp,0.0905,A:29831:24148,C:6:47,G:29:35,T:16:33,,,,
360,9633,D2,i,0.3177,lp,0.01487,D2:6:2,i:29480:24321,,,,,,
361,9633,A,G,0.06418,snp,0.0632,A:24:10,C:3:4,G:29434:24299,T:19:8,,,,
362,9634,D1,i,0.1695,lp,0.01861,D1:8:2,i:29368:24357,,,,,,
363,9640,T,G,0.04986,snp,0.08459,A:7:8,C:4:6,G:31080:24407,T:33:14,,,,
364,9641,T,A,0.1356,snp,0.04864,A:31056:24327,C:15:2,G:63:20,T:19:8,,,,
365,9646,D1,i,0.4968,lp,0.03931,D1:14:8,D2:1:0,i:31577:24360,,,,,
366,9675,A,C,0.4372,snp,0.1969,A:57:53,C:30883:24759,G:5:5,T:61:48,,,,
367,9675,T,C,0.9217,snp,0.1951,A:57:53,C:30883:24759,G:5:5,T:61:48,,,,
368,9695,C,T,0.1789,snp,0.6405,A:39:5,C:150:212,G:137:5,T:30733:25240,,,,
369,9711,C,T,0.5221,snp,0.3706,A:26:8,C:101:110,G:12:3,T:30784:25896,,,,
370,9722,IA,d,0.1314,lp,0.01204,IA:1:6,d:31106:27043,,,,,,
371,9726,T,G,0.897,snp,0.05288,A:13:5,C:4:7,G:31437:27130,T:14:17,,,,
372,9758,A,G,0.7395,snp,0.09894,A:31:31,C:14:14,G:32577:29928,T:31:37,,,,
373,9758,T,G,0.7049,snp,0.1085,A:31:31,C:14:14,G:32577:29928,T:31:37,,,,
374,9824,A,C,0.2399,snp,0.06531,A:17:28,C:36811:32008,G:4:8,T:12:16,,,,
375,9846,A,C,0.3382,snp,0.09115,A:25:37,C:36383:31489,G:8:5,T:42:34,,,,
376,9855,C,T,0.09064,snp,0.08432,A:25:9,C:20:37,G:9:99,T:36258:31141,,,,
377,9857,T,G,0.12,snp,0.04597,A:18:29,C:9:11,G:36250:31093,T:10:21,,,,
378,9858,C,A,0.1885,snp,0.02084,A:36136:30853,C:4:10,G:42:26,T:22:73,,,,
379,9860,D1,i,0.1937,lp,0.01358,D1:2:7,i:35699:30589,,,,,,
380,9860,A,G,0.1104,snp,0.2037,A:53:82,C:3:9,G:35627:30490,T:16:8,,,,
381,9861,C,A,0.2091,snp,0.01661,A:35615:30538,C:3:8,G:30:19,T:10:4,,,,
382,9937,C,G,0.8709,snp,0.1691,A:9:14,C:50:54,G:29985:31352,T:7:17,,,,
383,9938,A,T,0.6148,snp,0.1791,A:59:51,C:16:40,G:29:7,T:29858:31372,,,,
384,9966,D1,i,0.7491,lp,0.02578,D1:9:7,i:29624:32424,,,,,,
385,9996,T,C,0.7486,snp,0.5529,A:6:9,C:29134:33077,G:3:8,T:165:181,,,,
386,10077,C,G,0.1822,snp,0.04416,A:23:51,C:9:20,G:28403:37151,T:6:9,,,,
387,10078,A,T,0.03741,snp,0.04868,A:8:24,C:17:15,G:37:4,T:28352:37283,,,,
388,10082,T,C,0.06814,snp,0.4433,A:11:18,C:28168:37815,G:3:8,T:141:153,,,,
389,10084,T,A,0.08256,snp,0.3685,A:27986:37942,C:8:11,G:8:14,T:127:117,,,,
390,10163,A,G,0.1472,snp,0.05417,A:25:10,C:1:10,G:26216:38326,T:6:20,,,,
391,10197,C,T,0.04602,snp,0.1029,A:23:21,C:17:43,G:67:23,T:23804:34328,,,,
392,10211,T,C,0.9296,snp,0.2421,A:16:12,C:22852:32750,G:3:5,T:56:79,,,,
393,10247,IC,d,0.7821,lp,0.009847,IC:1:4,IG:1:1,d:19427:31344,,,,,
394,10249,A,G,0.9557,snp,0.04684,A:9:15,C:5:6,G:19456:31707,T:26:13,,,,
395,10279,G,A,0.248,snp,0.08139,A:17815:31279,C:3:8,G:11:29,T:2:2,,,,
396,10296,T,C,0.7746,snp,0.2559,A:2:10,C:16940:32148,G:0:7,T:45:81,,,,
397,10305,T,C,0.8112,snp,0.2471,A:2:7,C:16450:31574,G:4:5,T:42:77,,,,
398,10314,T,C,0.1431,snp,0.2369,A:4:23,C:15864:30418,G:9:5,T:45:65,,,,
399,10321,A,G,0.04762,snp,1.539,A:264:435,C:1:5,G:15278:29412,T:4:6,,,,
400,10341,T,C,0.3822,snp,1.258,A:7:4,C:14394:25073,G:3:4,T:174:329,,,,
401,10349,T,C,0.9056,snp,0.2995,A:3:7,C:14180:25076,G:4:9,T:42:76,,,,
402,10363,T,G,0.5586,snp,0.1089,A:4:13,C:14:253,G:13536:21962,T:13:26,,,,
403,10366,A,G,0.2805,snp,0.1721,A:19:41,C:3:6,G:13375:21412,T:5:5,,,,
404,10375,G,T,0.04006,snp,0.1316,A:10:67,C:20:231,G:10:32,T:12492:19050,,,,
405,10378,IC,d,1.046,lp,0.01901,IA:0:1,IC:2:4,IT:85:17,d:12580:18869,,,,
406,10381,T,G,0.9982,snp,0.07113,A:5:29,C:5:32,G:12642:18196,T:9:13,,,,
407,10382,C,A,0.218,snp,0.03554,A:12607:18320,C:2:9,G:7:7,T:2:1,,,,
408,10383,A,G,0.4386,snp,0.06112,A:6:13,C:3:6,G:12504:18526,T:12:16,,,,
409,10383,D1,i,0.04671,lp,0.1092,D1:8:26,D2:3:24,i:12525:18561,,,,,
410,10384,A,G,0.03604,snp,0.183,A:15:42,C:6:5,G:12395:18665,T:14:10,,,,
411,10393,T,C,0.3681,snp,0.2999,A:6:3,C:11885:19018,G:0:3,T:40:53,,,,
412,10402,D1,i,0.6811,lp,0.0546,D1:9:7,i:11347:17940,,,,,,
413,10408,T,C,0.9802,snp,5.781,A:6:12,C:10285:16277,G:2:2,T:631:1000,,,,
414,10424,G,A,0.1924,snp,0.4468,A:9834:16226,C:1:1,G:66:51,T:3:7,,,,
415,10435,T,C,0.7785,snp,0.4935,A:4:9,C:9169:14606,G:4:3,T:47:71,,,,
416,10448,D1,i,0.07444,lp,0.07743,D1:3:14,i:8497:13442,,,,,,
417,10461,D1,i,0.9872,lp,0.08853,D1:7:11,i:7937:12376,,,,,,
418,10503,G,A,0.129,snp,0.7663,A:7605:7104,C:12:23,G:47:67,T:6:12,,,,
419,10519,C,G,0.9467,snp,0.6173,A:3:1,C:48:39,G:7772:6216,T:3:12,,,,
420,10566,T,C,0.2261,snp,0.1157,A:7:3,C:8880:8379,G:1:0,T:13:7,,,,
421,10567,T,C,0.4637,snp,0.0749,A:5:7,C:8905:8425,G:1:1,T:8:5,,,,
422,10569,C,A,0.238,snp,0.08566,A:8993:8494,C:10:5,G:5:3,T:1:1,,,,
423,10572,T,A,0.1138,snp,0.0964,A:9040:8548,C:3:0,G:14:13,T:12:5,,,,
424,10624,T,C,0.2489,snp,0.3893,A:1:3,C:10019:10445,G:2:1,T:46:34,,,,
425,10626,T,C,0.1666,snp,0.4316,A:9:7,C:10035:10482,G:1:0,T:37:52,,,,
426,10688,C,T,0.8636,snp,1.037,A:3:1,C:88:119,G:1:5,T:8513:11235,,,,
427,10956,C,T,0.4171,snp,4.01,A:0:3,C:2:30,G:0:3,T:102:658,,,,
428,11023,D1,i,0.1555,lp,5.455,D1:1:11,i:2:206,,,,,,
