,# Ref_Pos,Var,Cons,Strd_bias_pval,Type,Var_perc,SNP_or_LP_Profile,,,,,,
0,72,C,G,0.9309,snp,0.07638,A:22:20,C:6:17,G:21971:8067,T:6:4,,,
1,80,D1,i,0.07354,lp,0.04175,D1:7:7,D2:1:0,i:24270:9247,,,,
2,109,D1,i,0.7888,lp,0.04704,D1:12:4,i:23405:10589,,,,,
3,173,G,C,0.2834,snp,0.07403,A:2:0,C:21610:20215,G:19:12,T:4:12,,,
4,174,T,C,0.1273,snp,0.06908,A:2:3,C:21541:20401,G:5:2,T:19:10,,,
5,202,G,A,0.3555,snp,1.356,A:20761:22946,C:0:13,G:274:327,T:4:5,,,
6,208,G,A,0.6142,snp,0.331,A:20755:23785,C:3:16,G:76:72,T:2:9,,,
7,241,A,G,0.5342,snp,0.05898,A:17:10,C:3:5,G:19646:26088,T:6:3,,,
8,268,T,G,0.03676,snp,0.2411,A:5:7,C:5:4,G:21300:30397,T:85:40,,,
9,307,A,G,0.9385,snp,0.3142,A:69:98,C:3:5,G:21722:31228,T:8:11,,,
10,309,C,T,0.846,snp,0.1234,A:24:18,C:28:38,G:83:22,T:21927:31346,,,
11,311,A,T,0.8656,snp,0.06548,A:14:21,C:17:38,G:26:11,T:22076:31247,,,
12,345,D1,i,0.7497,lp,0.0497,D1:12:15,D2:0:2,i:22491:31808,,,,
13,396,D1,i,0.06076,lp,0.08012,D1:12:29,D2:0:2,i:22397:28731,,,,
14,466,T,G,0.1302,snp,0.3503,A:30:69,C:2:7,G:21525:26160,T:102:66,,,
15,531,IA,d,0.3722,lp,0.02221,IA:3:8,d:21163:28360,,,,,
16,533,A,T,0.09512,snp,0.05864,A:8:21,C:16:25,G:3:13,T:21200:28169,,,
17,537,C,G,0.9083,snp,0.06336,A:6:9,C:13:18,G:20991:27873,T:8:7,,,
18,539,C,T,0.4455,snp,0.1284,A:2:2,C:24:39,G:2:2,T:20996:27999,,,
19,582,T,G,0.05856,snp,0.2053,A:18:9,C:2:3,G:20514:26602,T:33:64,,,
20,588,D1,i,0.05866,lp,0.05101,D1:6:18,i:20772:26255,,,,,
21,600,T,C,0.3243,snp,0.4956,A:16:9,C:20174:25353,G:8:14,T:108:119,,,
22,723,A,C,0.7384,snp,0.1424,A:22:28,C:14588:20402,G:4:6,T:17:42,,,
23,727,T,A,0.5063,snp,0.06495,A:14718:20648,C:1:1,G:9:13,T:8:15,,,
24,751,A,G,0.5669,snp,0.1411,A:18:29,C:3:10,G:14107:19136,T:3:4,,,
25,752,C,T,0.2595,snp,0.2029,A:22:5,C:24:43,G:65:10,T:13967:18890,,,
26,756,T,G,0.4463,snp,0.09203,A:25:150,C:3:12,G:14160:18218,T:11:19,,,
27,757,IT,d,0.6394,lp,0.01241,IT:1:3,d:14020:18220,,,,,
28,758,IAA,d,1,lp,0.009314,IAA:1:2,d:14044:18162,,,,,
29,778,A,G,0.6355,snp,0.05752,A:7:10,C:2:4,G:13844:15669,T:12:7,,,
30,809,IT,d,0.07888,lp,0.02691,IT:1:7,d:14769:14948,,,,,
31,813,D2,i,0.125,lp,0.02347,D1:1:0,D2:1:6,i:14875:14945,,,,
32,815,A,C,0.1496,snp,0.07673,A:8:15,C:14915:15017,G:3:9,T:2:8,,,
33,825,D1,i,0.8146,lp,0.04886,D1:7:8,i:15437:15250,,,,,
34,831,D1,i,0.8972,lp,0.09033,D1:14:14,D2:0:1,i:15863:15106,,,,
35,960,D1,i,0.9015,lp,0.04524,D1:9:11,i:23693:20494,,,,,
36,971,G,A,0.04243,snp,0.1042,A:24005:21003,C:2:17,G:32:15,T:6:11,,,
37,990,T,C,0.8533,snp,0.2557,A:12:13,C:24556:22230,G:6:0,T:64:56,,,
38,994,C,G,0.4486,snp,0.1301,A:11:6,C:26:35,G:24581:22213,T:6:10,,,
39,998,C,T,0.801,snp,0.1785,A:6:3,C:39:45,G:0:3,T:24517:22453,,,
40,1004,T,A,0.1533,snp,0.02956,A:24767:22544,C:2:2,G:26:11,T:10:4,,,
41,1005,T,A,0.1854,snp,0.01893,A:24879:22613,C:4:6,G:19:8,T:7:2,,,
42,1006,T,G,0.2095,snp,0.04846,A:7:4,C:3:5,G:24727:22694,T:15:8,,,
43,1022,IT,d,0.4826,lp,0.01039,IT:4:1,d:24724:23392,,,,,
44,1023,T,A,0.1308,snp,0.02883,A:24851:23656,C:11:7,G:14:10,T:10:4,,,
45,1035,IT,d,0.1261,lp,0.01421,IT:6:1,d:25346:23915,,,,,
46,1039,D1,i,0.1256,lp,0.01407,D1:6:1,i:25430:24319,,,,,
47,1041,D1,i,0.1258,lp,0.01404,D1:6:1,i:25539:24302,,,,,
48,1095,D1,i,0.1101,lp,0.01882,D1:8:2,i:27077:26048,,,,,
49,1169,C,T,0.1653,snp,0.1451,A:3:9,C:33:47,G:7:4,T:26965:28051,,,
50,1170,A,C,0.3242,snp,0.05449,A:12:18,C:26095:27172,G:17:7,T:852:885,,,
51,1170,T,C,0.9632,snp,3.155,A:12:18,C:26095:27172,G:17:7,T:852:885,,,
52,1171,D1,i,0.1254,lp,0.01274,D1:1:6,i:26965:27953,,,,,
53,1208,T,A,0.1133,snp,0.09463,A:26056:28761,C:6:30,G:20:25,T:19:33,,,
54,1223,T,C,0.949,snp,0.1799,A:7:8,C:26249:28665,G:6:11,T:52:47,,,
55,1241,T,G,0.3344,snp,0.04472,A:9:9,C:4:3,G:25380:28235,T:15:9,,,
56,1242,G,C,0.4993,snp,0.05035,A:10:4,C:25237:28256,G:16:11,T:69:22,,,
57,1246,A,C,0.8486,snp,0.6365,A:162:178,C:25000:28050,G:5:3,T:9:9,,,
58,1248,G,A,0.9901,snp,0.5007,A:25010:28030,C:2:7,G:126:141,T:5:1,,,
59,1268,D1,i,0.8387,lp,0.04449,D1:13:11,D2:0:1,i:25834:28088,,,,
60,1271,T,G,0.8725,snp,0.1369,A:3:2,C:3:7,G:25748:28210,T:36:38,,,
61,1274,G,A,0.08376,snp,0.1071,A:25722:28340,C:1:24,G:21:37,T:2:9,,,
62,1306,A,G,0.06589,snp,0.07606,A:14:29,C:7:6,G:26250:30176,T:41:10,,,
63,1331,IA,d,0.1333,lp,0.01262,IA:1:6,d:25521:29937,,,,,
64,1332,A,T,0.5341,snp,0.04478,A:10:15,C:25:34,G:8:3,T:25750:29987,,,
65,1344,C,A,0.1434,snp,0.02174,A:25400:29745,C:9:3,G:13:17,T:4:6,,,
66,1387,IT,d,0.7842,lp,0.06253,IT:17:15,d:25930:25210,,,,,
67,1388,D1,i,0.9413,lp,0.04646,D1:12:12,i:26205:25429,,,,,
68,1431,T,C,0.1582,snp,0.9128,A:4:5,C:26781:27154,G:6:1,T:231:266,,,
69,1433,D1,i,0.7412,lp,0.04767,D1:14:12,D3:0:1,i:26927:27588,,,,
70,1461,A,G,0.03932,snp,0.05152,A:8:20,C:4:2,G:26084:28219,T:6:9,,,
71,1491,G,A,0.1287,snp,0.2525,A:26028:28458,C:13:11,G:57:81,T:4:5,,,
72,1560,A,C,0.07262,snp,0.06879,A:14:27,C:28675:30855,G:4:7,T:5:14,,,
73,1569,T,C,0.6044,snp,33.61,A:8:8,C:18703:20205,G:8:6,T:9519:10189,,,
74,1581,D1,i,0.6934,lp,0.009782,D1:2:4,i:29414:31919,,,,,
75,1583,D1,i,0.08336,lp,0.01302,D1:1:7,i:29527:31929,,,,,
76,1583,A,T,0.09063,snp,0.0537,A:11:22,C:24:29,G:12:5,T:29480:31873,,,
77,1585,C,G,0.207,snp,0.04861,A:13:19,C:11:19,G:29696:31929,T:9:14,,,
78,1585,A,G,0.3925,snp,0.05186,A:13:19,C:11:19,G:29696:31929,T:9:14,,,
79,1586,A,G,0.07307,snp,0.06639,A:14:27,C:7:18,G:29682:31976,T:20:14,,,
80,1587,IC,d,0.0832,lp,0.01311,IAC:0:1,IC:1:7,d:29369:31634,,,,
81,1659,C,T,0.5857,snp,0.2645,A:3:12,C:74:102,G:10:15,T:29242:37074,,,
82,1667,D1,i,0.4906,lp,0.01203,D1:6:2,i:28907:37609,,,,,
83,1695,D1,i,0.1312,lp,0.03461,D1:16:7,i:30646:35795,,,,,
84,1705,A,G,0.8867,snp,0.1175,A:36:41,C:5:9,G:30056:35359,T:12:15,,,
85,1743,D1,i,0.9639,lp,0.03006,D1:9:11,i:30262:36242,,,,,
86,1750,IA,d,0.1262,lp,0.01662,IA:2:9,d:29775:36409,,,,,
87,1751,A,T,0.5072,snp,0.03164,A:8:13,C:22:40,G:6:11,T:30030:36244,,,
88,1752,A,G,0.7563,snp,0.0392,A:11:15,C:24:51,G:30027:36173,T:7:15,,,
89,1755,D1,i,0.1262,lp,0.01664,D1:2:9,i:29898:36201,,,,,
90,1766,T,C,0.3493,snp,0.0688,A:4:14,C:29256:37518,G:8:14,T:17:29,,,
91,1829,T,G,0.1852,snp,0.04604,A:5:16,C:1:9,G:29851:41756,T:10:23,,,
92,1830,IG,d,1.236,lp,0.005625,IG:2:2,d:29566:41535,,,,,
93,1834,D2,i,0.2509,lp,0.009745,D1:0:1,D2:1:6,i:30187:41640,,,,
94,1844,D1,i,0.05986,lp,0.05596,D1:11:29,i:30149:41296,,,,,
95,1880,A,G,0.8313,snp,0.04184,A:12:18,C:1:9,G:30039:41602,T:8:21,,,
96,1890,D1,i,0.6174,lp,0.02648,D1:10:9,i:29927:41811,,,,,
97,1891,C,T,0.6553,snp,0.117,A:2:7,C:33:51,G:0:3,T:29896:41810,,,
98,1903,D1,i,0.5939,lp,0.0355,D1:16:9,D2:12:1,i:29028:41357,,,,
99,1913,T,C,0.8387,snp,0.1762,A:11:16,C:28807:39686,G:9:7,T:52:69,,,
100,1919,IA,d,0.4136,lp,0.008787,IA:1:5,d:28478:39795,,,,,
101,1924,T,C,0.2033,snp,0.126,A:5:36,C:28403:40512,G:6:5,T:30:57,,,
102,1935,D1,i,0.231,lp,0.04346,D1:21:9,i:28118:40886,,,,,
103,1942,A,G,0.2271,snp,0.04775,A:23:10,C:12:18,G:28046:40986,T:11:9,,,
104,1996,T,G,0.05058,snp,0.3477,A:7:13,C:3:9,G:27324:38567,T:110:120,,,
105,2046,D1,i,0.8371,lp,0.05024,D1:14:18,D2:1:1,i:26707:36948,,,,
106,2073,C,T,0.4954,snp,0.06937,A:6:7,C:26:16,G:7:1,T:26189:34289,,,
107,2101,D1,i,0.8509,lp,0.05775,D1:14:19,D2:1:1,i:25154:31950,,,,
108,2111,IAA,d,0.2405,lp,0.01062,IAA:1:5,d:24908:31561,,,,,
109,2113,C,T,0.6866,snp,0.07463,A:39:1596,C:20:23,G:2:2,T:24981:30954,,,
110,2117,A,T,0.3015,snp,0.02818,A:5:11,C:17:38,G:3:3,T:24996:31699,,,
111,2124,D1,i,0.4334,lp,0.04361,D1:16:9,i:25082:32217,,,,,
112,2154,IC,d,0.239,lp,0.0111,IC:1:5,d:23963:30080,,,,,
113,2155,A,T,0.05699,snp,0.03856,A:5:16,C:9:28,G:4:33,T:24187:30179,,,
114,2156,A,G,0.5278,snp,0.05691,A:12:19,C:7:2,G:24112:30294,T:23:4,,,
115,2157,A,G,0.5986,snp,0.05151,A:11:17,C:7:15,G:24015:30275,T:9:14,,,
116,2188,D1,i,0.4436,lp,0.03744,D1:7:13,D2:1:2,i:23226:30174,,,,
117,2203,D1,i,0.7063,lp,0.01276,D1:2:5,D2:1:1,i:23780:31059,,,,
118,2244,T,G,0.1173,snp,0.05034,A:6:10,C:3:3,G:23909:29679,T:19:8,,,
119,2248,D1,i,0.8568,lp,0.03535,D1:8:11,D2:1:0,i:23727:30002,,,,
120,2251,IA,d,0.0993,lp,0.01502,IA:7:1,IT:3:0,ITGTTT:1:0,d:23414:29819,,,
121,2304,A,C,0.2402,snp,0.06603,A:24:13,C:24984:30911,G:6:9,T:63:25,,,
122,2328,T,C,0.6095,snp,0.1124,A:5:12,C:25791:31049,G:2:5,T:37:27,,,
123,2342,D1,i,0.09491,lp,0.02819,D1:4:12,D2:1:0,i:25988:30750,,,,
124,2343,C,G,0.04217,snp,0.02118,A:3:2,C:2:10,G:25991:30631,T:8:18,,,
125,2343,T,G,0.1217,snp,0.04588,A:3:2,C:2:10,G:25991:30631,T:8:18,,,
126,2360,IG,d,0.5863,lp,0.06593,IG:18:18,d:24819:29750,,,,,
127,2361,D1,i,0.8885,lp,0.08146,D1:25:20,i:25108:30092,,,,,
128,2371,T,C,0.9321,snp,0.1275,A:3:7,C:24780:30038,G:8:3,T:38:32,,,
129,2378,D1,i,0.07063,lp,0.02557,D1:11:3,i:24899:29834,,,,,
130,2383,A,G,0.06626,snp,0.05974,A:23:10,C:1:8,G:25512:29656,T:19:10,,,
131,2399,T,A,0.05622,snp,0.03565,A:25933:30104,C:1:6,G:27:10,T:15:5,,,
132,2487,T,A,0.7932,snp,0.04879,A:25975:31304,C:1:20,G:21:37,T:12:16,,,
133,2506,D1,i,1.115,lp,0.01067,D1:3:3,i:24914:31304,,,,,
134,2507,A,T,0.4059,snp,0.1078,A:24:37,C:14:23,G:5:13,T:25219:31266,,,
135,2584,A,C,0.1032,snp,0.09199,A:17:32,C:24627:28552,G:9:9,T:7:13,,,
136,2673,T,G,0.1823,snp,0.0772,A:7:8,C:3:5,G:23550:28202,T:26:14,,,
137,2674,T,G,0.9771,snp,0.05945,A:16:25,C:7:11,G:23645:28407,T:14:17,,,
138,2688,A,C,0.7573,snp,0.08018,A:18:24,C:23648:28636,G:12:14,T:14:16,,,
139,2693,A,T,0.1435,snp,0.04398,A:7:16,C:12:19,G:5:5,T:23838:28400,,,
140,2709,T,G,0.2126,snp,0.09747,A:8:5,C:2:4,G:23974:27255,T:31:19,,,
141,2726,D1,i,0.339,lp,0.03369,D1:6:11,i:23644:26804,,,,,
142,2734,T,G,0.06947,snp,0.03755,A:6:9,C:4:5,G:23820:26742,T:14:5,,,
143,2822,D1,i,0.152,lp,0.07504,D1:14:23,i:24445:24822,,,,,
144,2834,D1,i,0.07742,lp,0.04562,D1:7:16,D2:0:1,i:24614:25778,,,,
145,2856,T,C,0.0757,snp,0.04868,A:9:50,C:25773:25495,G:6:3,T:8:17,,,
146,2926,D1,i,0.522,lp,0.05845,D1:19:15,D2:0:1,i:29296:28841,,,,
147,2947,D1,i,0.6551,lp,0.03101,D1:10:8,i:29180:28843,,,,,
148,2988,D1,i,0.09369,lp,0.0209,D1:3:9,i:28234:29159,,,,,
149,2990,C,G,0.1352,snp,0.08223,A:9:11,C:18:29,G:28079:28882,T:9:122,,,
150,3036,A,G,0.5519,snp,0.2236,A:57:69,C:7:4,G:26904:29279,T:12:14,,,
151,3050,A,T,0.3591,snp,0.06757,A:23:15,C:21:27,G:8:1,T:26329:29814,,,
152,3070,G,T,0.5257,snp,0.01592,A:1:10,C:17:17,G:6:3,T:25696:30776,,,
153,3071,T,G,0.9055,snp,0.07627,A:12:6,C:3:7,G:25680:30629,T:23:20,,,
154,3081,T,C,0.1752,snp,0.09754,A:17:20,C:25584:30683,G:12:14,T:20:35,,,
155,3082,C,A,0.9506,snp,0.05142,A:25571:30737,C:13:16,G:15:25,T:6:15,,,
156,3101,G,A,0.1687,snp,0.1051,A:24964:31124,C:3:10,G:21:38,,,,
157,3107,G,A,0.444,snp,0.103,A:25115:31121,C:1:6,G:23:35,T:1:3,,,
158,3109,T,A,0.322,snp,0.07634,A:25150:31092,C:8:7,G:14:15,T:27:16,,,
159,3153,A,G,0.2038,snp,0.08179,A:15:31,C:8:7,G:23501:32656,T:12:13,,,
160,3162,A,G,0.7278,snp,0.7872,A:177:273,C:1:2,G:22759:33935,T:7:14,,,
161,3164,D1,i,0.2266,lp,0.02801,D1:12:4,i:22728:34382,,,,,
162,3166,T,G,0.8803,snp,0.03871,A:8:7,C:4:20,G:22339:34437,T:13:9,,,
163,3167,T,G,0.8688,snp,0.03885,A:5:10,C:2:4,G:22176:34407,T:9:13,,,
164,3168,T,C,0.671,snp,0.08843,A:9:10,C:22056:34396,G:4:14,T:21:29,,,
165,3213,D1,i,0.5918,lp,0.05196,D1:17:10,i:16730:35205,,,,,
166,3219,D1,i,1,lp,0.01368,D1:5:2,i:15956:35202,,,,,
167,3222,D1,i,0.1025,lp,0.03148,D1:2:14,D2:0:5,i:15983:34819,,,,
168,3247,D1,i,0.3263,lp,0.02312,D1:5:6,i:14424:33136,,,,,
169,3250,C,A,0.1034,snp,0.07781,A:14875:32586,C:7:30,G:15:28,T:1:7,,,
170,3290,IT,d,1.207,lp,0.01244,IT:3:2,d:15722:24465,,,,,
171,3292,IT,d,1,lp,0.02254,IT:6:3,d:15955:23963,,,,,
172,3331,T,A,0.04919,snp,0.08915,A:16007:16275,C:2:4,G:14:197,T:20:9,,,
173,3354,T,A,0.6341,snp,0.1755,A:15512:7213,C:2:6204,G:19:64,T:22:29,,,
174,3357,C,T,0.7442,snp,0.1868,A:0:2,C:26:30,G:6:5,T:15371:14538,,,
175,3362,G,C,0.8256,snp,0.1267,A:2:6,C:15239:13917,G:17:20,T:2:11,,,
176,3372,A,C,0.07929,snp,0.08451,A:8:17,C:14644:14901,G:2:5,T:1:4,,,
177,3409,G,A,0.4775,snp,0.2121,A:15028:17883,C:2:5,G:29:41,T:5:4,,,
178,3441,T,A,0.6337,snp,0.09599,A:14181:21174,C:0:4,G:12:14,T:19:15,,,
179,3444,C,T,0.625,snp,0.1498,A:4:4,C:23:30,G:1:10,T:14161:21144,,,
180,3445,A,G,0.9118,snp,0.1101,A:23:16,C:3:2,G:14205:21167,T:3:10,,,
181,3451,C,G,0.532,snp,0.09429,A:3:6,C:18:15,G:14021:20914,T:4:17,,,
182,3470,G,A,0.5996,snp,0.4068,A:13684:20771,C:6:31,G:59:82,T:6:21,,,
183,3505,C,G,0.3176,snp,0.09864,A:9:65,C:11:18,G:13846:15435,T:8:8,,,
184,3549,D1,i,0.9915,lp,0.09995,D1:16:15,i:16022:14963,,,,,
185,3555,A,G,0.5739,snp,3.839,A:612:568,C:3:3,G:15562:13973,T:13:7,,,
186,3576,T,C,0.9843,snp,0.1761,A:7:6,C:16374:14759,G:17:15,T:26:29,,,
187,3577,G,T,0.05186,snp,0.04483,A:2:2,C:25:14,G:11:3,T:16400:14775,,,
188,3598,T,C,0.4498,snp,0.1642,A:4:7,C:15990:15011,G:2:4,T:22:29,,,
189,3627,T,G,0.4137,snp,0.3402,A:15:9,C:4:5,G:15751:14685,T:58:46,,,
190,3651,G,A,0.3727,snp,0.462,A:15650:14921,C:5:8,G:64:78,T:3:6,,,
191,3708,D1,i,0.3809,lp,0.2073,D1:44:32,D2:0:1,i:19348:17245,,,,
192,3772,D1,i,0.04519,lp,0.05084,D1:5:15,i:20695:18625,,,,,
193,3778,C,A,0.0433,snp,0.08838,A:21487:18015,C:25:10,G:25:13,T:15:10,,,
194,3782,C,A,0.1584,snp,0.04954,A:21886:18426,C:14:6,G:17:17,T:2:4,,,
195,3783,G,A,0.1019,snp,0.09145,A:21884:18500,C:7:19,G:25:12,T:2:9,,,
196,3848,A,T,0.4982,snp,0.07597,A:18:16,C:18:11,G:11:6,T:26204:18468,,,
197,3849,T,G,0.7282,snp,0.1428,A:9:3,C:1:3,G:26306:18435,T:25:39,,,
198,3864,T,C,0.09774,snp,0.4979,A:16:15,C:26611:18702,G:16:6,T:106:121,,,
199,3967,A,T,0.1189,snp,0.2403,A:72:47,C:21:17,G:1:2,T:26343:23021,,,
200,3976,G,A,0.8962,snp,0.3255,A:26248:22889,C:21:99,G:76:85,T:15:33,,,
201,3992,D2,i,0.08387,lp,0.01603,D1:3:1,D2:7:1,i:27227:22653,,,,
202,3994,A,C,0.4664,snp,0.05195,A:16:10,C:27168:22781,G:14:13,T:43:6,,,
203,4036,T,C,0.4881,snp,0.3504,A:11:4,C:29181:24518,G:30:4,T:98:91,,,
204,4054,IT,d,0.07967,lp,0.01501,IT:7:1,d:28444:24829,,,,,
205,4056,C,G,0.4722,snp,0.2347,A:13:9,C:71:55,G:28421:25077,T:34:8,,,
206,4057,G,C,0.1804,snp,0.05401,A:13:5,C:28477:25151,G:19:10,T:5:10,,,
207,4107,A,T,0.03579,snp,0.2276,A:80:48,C:34:28,G:15:8,T:29823:26209,,,
208,4109,IA,d,0.8518,lp,0.1609,IA:48:41,IG:2:1,d:29245:25994,,,,
209,4110,D1,i,0.09952,lp,0.1472,D1:51:31,D3:1:1,i:29541:26080,,,,
210,4160,D1,i,0.6744,lp,0.04961,D1:15:12,D2:0:1,D3:0:1,i:28023:26374,,,
211,4193,D1,i,0.6892,lp,0.02938,D1:9:7,i:27899:26536,,,,,
212,4208,T,A,0.1743,snp,0.3214,A:28191:26639,C:4:34,G:9:10,T:100:77,,,
213,4209,D1,i,0.5287,lp,0.009108,D1:1:4,i:28201:26689,,,,,
214,4217,A,G,0.4801,snp,0.08115,A:19:25,C:12:2,G:27867:26262,T:20:15,,,
215,4230,G,A,0.5491,snp,3.185,A:26928:25851,C:12:3,G:838:899,T:2:5,,,
216,4235,T,A,0.1257,snp,0.03488,A:27672:26737,C:4:2,G:21:25,T:13:6,,,
217,4236,T,A,0.9538,snp,0.02567,A:27651:26803,C:3:3,G:30:33,T:7:7,,,
218,4341,A,T,0.8389,snp,0.07214,A:21:22,C:18:25,G:10:3,T:28138:31368,,,
219,4381,D1,i,0.07851,lp,0.01353,D1:7:1,D2:6:1,i:27788:31317,,,,
220,4382,T,A,0.1012,snp,0.0305,A:27743:31206,C:2:3,G:22:21,T:13:5,,,
221,4388,T,C,0.5357,snp,1.078,A:16:13,C:27889:30622,G:10:7,T:312:326,,,
222,4425,G,A,0.07108,snp,0.2086,A:27690:30107,C:13:26,G:48:73,T:8:38,,,
223,4433,A,G,0.1158,snp,0.1022,A:36:22,C:2:2,G:27348:29333,T:18:14,,,
224,4484,G,A,0.7845,snp,1.428,A:27747:27737,C:0:5,G:398:406,T:9:1,,,
225,4600,C,T,0.04697,snp,0.1292,A:23:224,C:26:47,G:8:3,T:29751:26430,,,
226,4620,IT,d,0.07565,lp,0.01373,IT:7:1,d:30024:28233,,,,,
227,4651,D1,i,0.1504,lp,0.1187,D1:27:42,i:30329:27753,,,,,
228,4656,D1,i,0.6666,lp,0.06654,D1:22:17,D2:1:1,i:31022:27548,,,,
229,4677,T,C,0.5921,snp,0.2264,A:8:8,C:30890:28152,G:2:6,T:67:67,,,
230,4757,D1,i,0.2651,lp,0.0473,D1:17:11,D2:0:1,i:29694:29479,,,,
231,4761,T,G,0.316,snp,0.0389,A:9:39,C:6:15,G:29780:29252,T:9:14,,,
232,4765,IT,d,0.03899,lp,0.01892,IT:2:9,d:29470:28658,,,,,
233,4767,IC,d,0.04004,lp,0.01534,IAAC:0:5,IC:1:8,d:29672:28980,,,,
234,4785,IT,d,0.2194,lp,0.01017,IT:5:1,ITGT:3:2,d:28867:30138,,,,
235,4785,ITGT,d,1.018,lp,0.008472,IT:5:1,ITGT:3:2,d:28867:30138,,,,
236,4786,G,A,0.6384,snp,0.1309,A:29026:30446,C:1:1,G:42:36,T:19:9,,,
237,4786,T,A,0.07769,snp,0.047,A:29026:30446,C:1:1,G:42:36,T:19:9,,,
238,4791,D1,i,0.4425,lp,0.03361,D1:12:8,i:28900:30585,,,,,
239,4796,T,A,0.2672,snp,0.03094,A:30376:30914,C:11:9,G:46:37,T:12:7,,,
240,4817,D1,i,0.7184,lp,0.04953,D1:17:14,D2:1:0,i:30277:32282,,,,
241,4827,T,C,0.5171,snp,0.0745,A:15:13,C:29768:33208,G:17:17,T:27:20,,,
242,4827,G,C,0.7507,snp,0.0539,A:15:13,C:29768:33208,G:17:17,T:27:20,,,
243,4828,G,A,0.4539,snp,0.06503,A:29790:33190,C:2:5,G:24:17,T:13:6,,,
244,4828,T,A,0.1698,snp,0.03014,A:29790:33190,C:2:5,G:24:17,T:13:6,,,
245,4829,T,A,0.2586,snp,0.05066,A:29951:33131,C:2:4,G:17:23,T:20:12,,,
246,4830,T,G,0.4029,snp,0.0587,A:13:159,C:9:72,G:29841:32897,T:22:15,,,
247,4844,ITGT,d,0.132,lp,0.01116,IT:2:1,ITGT:6:1,d:29058:33652,,,,
248,4845,IG,d,0.07876,lp,0.01273,IG:7:1,d:28958:33865,,,,,
249,4846,IG,d,0.5404,lp,0.007982,IG:4:1,ITG:2:0,d:28938:33699,,,,
250,4849,IA,d,0.2897,lp,0.009396,IA:5:1,d:30076:33773,,,,,
251,4854,C,A,0.6203,snp,0.338,A:30204:33979,C:107:112,G:135:76,T:128:48,,,
252,4866,C,G,0.04746,snp,0.0962,A:5:10,C:22:41,G:30991:34391,T:13:15,,,
253,4869,A,G,0.2643,snp,0.07807,A:20:31,C:22:21,G:30662:34555,T:10:9,,,
254,4869,C,G,0.8104,snp,0.06582,A:20:31,C:22:21,G:30662:34555,T:10:9,,,
255,4887,A,G,0.1735,snp,0.05666,A:13:24,C:4:3,G:30208:35043,T:4:8,,,
256,4891,T,G,0.9458,snp,0.04624,A:17:12,C:3:4,G:31999:34982,T:15:16,,,
257,4959,T,C,0.7892,snp,0.4685,A:15:51,C:31973:36352,G:9:13,T:153:169,,,
258,4969,T,G,0.07869,snp,0.07555,A:4:13,C:7:6,G:32166:36578,T:18:34,,,
259,5035,D1,i,0.439,lp,0.04951,D1:14:21,D2:1:0,i:32872:37782,,,,
260,5057,D1,i,0.2342,lp,0.05625,D1:15:25,i:33325:37747,,,,,
261,5073,T,C,0.9796,snp,0.2206,A:13:23,C:32611:37435,G:8:5,T:72:83,,,
262,5078,A,T,0.8955,snp,0.1496,A:56:48,C:14:25,G:9:16,T:32459:36887,,,
263,5085,T,C,0.6078,snp,0.1298,A:17:12,C:31838:36570,G:6:23,T:39:50,,,
264,5096,C,T,0.07356,snp,0.07943,A:26:23,C:18:35,G:11:3,T:30780:35830,,,
265,5118,G,A,0.6966,snp,0.6287,A:30506:33332,C:6:5,G:197:207,T:4:1,,,
266,5133,G,A,0.9831,snp,0.246,A:29244:32370,C:1:12,G:72:80,T:10:12,,,
267,5134,T,A,0.08807,snp,0.1959,A:29218:32386,C:2:16,G:17:17,T:48:73,,,
268,5136,T,C,0.7682,snp,2.071,A:9:9,C:28482:32013,G:5:3,T:608:672,,,
269,5137,A,C,0.05179,snp,0.07428,A:15:31,C:29024:32828,G:5:2,T:8:13,,,
270,5140,T,G,0.2385,snp,0.07252,A:33:21,C:7:5,G:28823:33122,T:17:28,,,
271,5166,IA,d,0.848,lp,0.08717,IA:29:25,IC:0:1,d:27852:34043,,,,
272,5167,D1,i,0.9841,lp,0.1422,D1:40:49,i:28163:34353,,,,,
273,5246,IT,d,0.08099,lp,0.01386,IA:0:2,IG:0:1,IT:1:7,d:26784:30912,,,
274,5254,C,A,0.485,snp,0.3742,A:26837:30344,C:106:109,G:20:35,T:3:6,,,
275,5274,D1,i,0.07945,lp,0.01421,D1:1:7,i:26432:29872,,,,,
276,5278,A,G,0.4634,snp,0.05652,A:13:19,C:4:8,G:26636:29928,T:11:1,,,
277,5285,D1,i,0.5094,lp,0.06091,D1:20:14,i:26123:29666,,,,,
278,5360,T,G,0.1837,snp,0.04073,A:12:10,C:7:5,G:24786:29167,T:7:15,,,
279,5362,A,G,0.7183,snp,0.0799,A:22:21,C:7:17,G:24774:28960,T:7:12,,,
280,5461,T,A,0.07236,snp,0.04201,A:27091:29968,C:2:5,G:23:14,T:17:7,,,
281,5469,A,G,0.1097,snp,1.581,A:399:495,C:6:9,G:26328:29300,T:6:11,,,
282,5484,D1,i,0.239,lp,0.05024,D1:10:18,D2:2:1,i:26082:29624,,,,
283,5510,T,A,0.0742,snp,0.08951,A:25855:27635,C:1:30,G:21:34,T:17:31,,,
284,5510,D1,i,0.455,lp,0.01305,D1:2:5,i:25894:27730,,,,,
285,5578,G,T,0.4552,snp,0.07198,A:8:5,C:14:32,G:17:24,T:26894:29966,,,
286,5580,G,A,0.8183,snp,0.1242,A:27340:30505,C:8:22,G:37:35,T:9:4,,,
287,5701,T,C,0.9081,snp,0.05639,A:6:15,C:29496:36040,G:9:12,T:17:20,,,
288,5702,T,C,0.04641,snp,0.06241,A:9:30,C:29355:36236,G:10:17,T:12:29,,,
289,5709,T,C,0.32,snp,0.09855,A:5:31,C:29373:36465,G:6:9,T:40:25,,,
290,5798,IA,d,0.9589,lp,0.114,IA:37:41,d:32619:35725,,,,,
291,5841,T,C,0.2823,snp,0.3694,A:9:26,C:32769:35419,G:8:6,T:113:140,,,
292,5853,D1,i,0.3271,lp,0.05668,D1:23:16,i:33609:35161,,,,,
293,5874,T,C,0.04632,snp,3.764,A:18:17,C:31966:33372,G:10:19,T:1200:1358,,,
294,5923,A,G,0.5626,snp,0.03326,A:10:13,C:7:7,G:34217:34883,T:6:10,,,
295,5971,T,A,0.1002,snp,0.07173,A:34703:37657,C:3:17,G:17:46,T:33:19,,,
296,6019,T,G,0.292,snp,0.08728,A:8:7,C:6:4,G:33444:40939,T:40:25,,,
297,6036,IG,d,0.6098,lp,0.1103,IA:2:0,IG:34:48,d:32869:41390,,,,
298,6040,C,G,0.6518,snp,0.2533,A:43:19,C:91:104,G:34501:42155,T:57:19,,,
299,6042,T,G,0.9628,snp,0.2108,A:59:27,C:26:18,G:34328:42221,T:89:73,,,
300,6042,IT,d,0.04871,lp,0.0118,IT:1:8,d:34168:42085,,,,,
301,6046,T,A,0.1029,snp,0.05391,A:33697:42229,C:7:37,G:20:25,T:13:28,,,
302,6048,A,G,0.0973,snp,0.06425,A:16:33,C:9:13,G:33838:42326,T:12:16,,,
303,6113,D3,i,0.4824,lp,0.006166,D1:135:12,D3:1:4,i:34872:46069,,,,
304,6138,T,C,0.1476,snp,0.3678,A:10:17,C:32975:45252,G:14:17,T:134:155,,,
305,6144,T,A,0.1298,snp,0.4324,A:32949:44757,C:4:59,G:19:34,T:181:157,,,
306,6203,IA,d,0.3026,lp,0.06869,IA:27:17,IAGA:1:1,IATC:0:1,IT:0:3,d:29696:34314,,
307,6204,D1,i,0.1115,lp,0.1087,D1:26:44,D2:1:2,i:29990:34315,,,,
308,6225,T,G,0.07203,snp,0.0636,A:11:9,C:6:7,G:29228:32016,T:26:13,,,
309,6226,T,A,0.245,snp,0.04088,A:29073:31984,C:5:5,G:29:34,T:16:9,,,
310,6238,T,C,0.9356,snp,0.491,A:5:8,C:28015:33973,G:9:9,T:139:167,,,
311,6251,A,T,0.2815,snp,0.04525,A:9:18,C:17:32,G:9:7,T:25984:33589,,,
312,6252,T,G,0.2969,snp,0.0537,A:9:16,C:4:3,G:25904:33617,T:11:21,,,
313,6255,D1,i,0.7235,lp,0.03044,D1:7:11,i:25431:33685,,,,,
314,6312,D1,i,0.05754,lp,0.01838,D1:1:9,D3:1:0,i:21930:32463,,,,
315,6323,T,A,0.07611,snp,0.06149,A:20897:29437,C:1:16,G:15:17,T:23:8,,,
316,6329,D1,i,0.3578,lp,0.05485,D1:9:17,i:20638:26740,,,,,
317,6329,A,T,0.05016,snp,0.19,A:30:60,C:21:16,G:0:3,T:20587:26661,,,
318,6338,IT,d,0.1513,lp,0.01677,ICT:0:2,IT:1:7,d:20860:26826,,,,
319,6342,A,C,0.8154,snp,0.09974,A:25:22,C:21232:25825,G:4:6,T:2:8,,,
320,6343,C,A,0.1225,snp,0.04472,A:21272:25635,C:6:15,G:13:10,T:2:4,,,
321,6346,A,G,0.05561,snp,0.08998,A:13:29,C:8:4,G:21284:25319,T:7:14,,,
322,6360,A,C,0.0881,snp,0.07992,A:12:23,C:21298:22432,G:2:4,T:12:13,,,
323,6374,D1,i,0.727,lp,0.04471,D1:11:9,i:21864:22845,,,,,
324,6376,T,A,0.5437,snp,0.04255,A:21882:22708,C:1:4,G:20:20,T:11:8,,,
325,6379,D1,i,0.07678,lp,0.07428,D1:22:11,D4:1:0,i:21635:22757,,,,
326,6498,D1,i,0.8381,lp,0.07025,D1:17:15,i:23359:22158,,,,,
327,6540,A,T,0.3166,snp,0.04586,A:8:14,C:28:34,G:3:1,T:25374:22514,,,
328,6541,A,G,0.7871,snp,0.05621,A:12:15,C:7:6,G:25399:22567,T:18:8,,,
329,6672,T,C,0.5244,snp,3.722,A:9:7,C:28193:24392,G:7:3,T:1076:958,,,
330,6741,IT,d,0.6741,lp,0.04279,IT:14:10,ITT:1:0,d:30304:25758,,,,
331,6742,D1,i,0.7338,lp,0.06521,D1:21:16,D2:9:0,i:30594:26101,,,,
332,6784,D1,i,0.9344,lp,0.03892,D1:11:12,i:31328:27748,,,,,
333,6788,C,T,0.4564,snp,0.9269,A:2:1,C:268:282,G:13:3,T:31062:27704,,,
334,6795,T,G,0.3656,snp,0.9564,A:9:8,C:3:7,G:30968:28032,T:260:310,,,
335,6811,T,A,0.05591,snp,0.06034,A:31760:29478,C:0:6,G:22:19,T:25:12,,,
336,6849,T,G,0.0611,snp,0.09443,A:20:73,C:10:26,G:31501:30788,T:22:37,,,
337,6855,D2,i,0.072,lp,0.01258,D2:1:7,i:31949:31632,,,,,
338,6859,D1,i,0.1318,lp,0.01712,D1:3:8,i:32116:32123,,,,,
339,6881,D1,i,0.6553,lp,0.02674,D1:10:8,i:33454:33850,,,,,
340,6888,G,C,0.1005,snp,0.05064,A:12:16,C:33093:33932,G:22:12,T:31:19,,,
341,6888,T,C,0.1077,snp,0.07447,A:12:16,C:33093:33932,G:22:12,T:31:19,,,
342,6890,D1,i,0.7178,lp,0.008831,D1:4:2,i:33811:34129,,,,,
343,6890,A,T,0.9795,snp,0.04416,A:15:15,C:15:27,G:7:4,T:33774:34083,,,
344,6900,ITT,d,0.1808,lp,0.01312,ITT:7:2,d:34564:34037,,,,,
345,6901,T,A,0.7788,snp,0.05495,A:34771:34233,C:3:11,G:26:69,T:18:20,,,
346,6902,T,G,0.2473,snp,0.05072,A:2:7,C:6:3,G:34629:34325,T:21:14,,,
347,6903,A,C,0.9894,snp,0.06391,A:22:22,C:34339:34292,G:57:20,T:74:20,,,
348,6904,IA,d,0.8077,lp,0.008774,IA:4:2,d:34188:34189,,,,,
349,6964,D1,i,0.3883,lp,0.01553,D1:7:4,D2:1:1,i:35859:34967,,,,
350,7013,D1,i,0.3519,lp,0.05682,D1:23:17,D2:3:5,i:35078:35270,,,,
351,7083,D1,i,0.9843,lp,0.0484,D1:17:19,D2:1:2,i:34986:39359,,,,
352,7185,A,T,0.94,snp,0.2293,A:83:95,C:12:23,G:15:10,T:35871:41523,,,
353,7267,IT,d,0.8274,lp,0.2727,IA:1:1,IT:91:112,ITT:2:1,d:33844:40392,,,
354,7268,D1,i,0.4579,lp,0.1489,D1:57:55,D2:1:0,i:34263:40858,,,,
355,7286,T,A,0.413,snp,0.09176,A:34120:39842,C:6:22,G:25:21,T:40:28,,,
356,7291,A,G,0.5592,snp,0.1342,A:56:43,C:4:0,G:34147:39508,T:7:8,,,
357,7377,A,C,0.1089,snp,0.3579,A:93:170,C:29412:43720,G:2:8,T:34:47,,,
358,7425,A,G,0.2599,snp,0.04441,A:10:24,C:9:34,G:29694:46755,T:9:17,,,
359,7455,T,G,0.07888,snp,0.08125,A:9:12,C:9:7,G:29757:47680,T:31:32,,,
360,7460,D1,i,0.04696,lp,0.01924,D1:13:2,i:29835:48132,,,,,
361,7491,D1,i,0.2241,lp,0.0143,D1:9:2,i:29290:47601,,,,,
362,7492,T,A,0.1548,snp,0.03652,A:29144:47432,C:0:7,G:20:31,T:21:7,,,
363,7623,D1,i,0.5005,lp,0.0384,D1:11:14,i:24387:40687,,,,,
364,7650,D1,i,0.6549,lp,0.04366,D1:12:16,i:24837:39272,,,,,
365,7674,D1,i,0.8996,lp,0.1414,D1:35:55,D2:4:3,D3:0:1,i:24300:39245,,,
366,7684,D1,i,0.5244,lp,0.04053,D1:14:12,i:25673:38453,,,,,
367,7689,D1,i,0.4418,lp,0.04722,D1:10:20,i:25541:37960,,,,,
368,7705,T,G,0.7925,snp,0.05257,A:14:10,C:5:3,G:25189:37519,T:19:14,,,
369,7706,ITT,d,0.4849,lp,0.00963,ITT:5:1,d:25175:37125,,,,,
370,7707,T,A,0.9088,snp,0.05252,A:25317:37385,C:8:21,G:28:38,T:13:20,,,
371,7728,T,C,0.4076,snp,0.4474,A:10:11,C:24961:35743,G:5:12,T:119:154,,,
372,7734,D1,i,0.3196,lp,0.01029,D1:1:5,i:25052:33279,,,,,
373,7736,A,T,0.07633,snp,0.03084,A:4:14,C:7:37,G:7:14,T:25020:33268,,,
374,7737,C,G,0.4043,snp,0.05318,A:8:18,C:11:20,G:24974:33235,T:11:14,,,
375,7800,D1,i,0.6446,lp,0.04224,D1:9:14,D3:0:1,i:23898:30533,,,,
376,7834,D1,i,0.4358,lp,0.0416,D1:8:14,i:23590:29273,,,,,
377,7839,C,T,0.3281,snp,0.3067,A:8:6,C:66:95,G:3:4,T:23452:28862,,,
378,7922,T,G,0.8253,snp,0.03776,A:1:4,C:2:3,G:17378:24968,T:7:9,,,
379,7925,D1,i,0.6607,lp,0.01208,D1:4:1,i:16644:24748,,,,,
380,7927,T,G,0.9033,snp,0.04169,A:10:9,C:1:4,G:16184:24550,T:10:7,,,
381,7928,T,G,0.9502,snp,0.1455,A:4:2,C:4:7,G:15935:24532,T:36:23,,,
382,7929,T,A,0.06395,snp,0.09859,A:15913:24544,C:10:25,G:11:28,T:30:10,,,
383,7929,C,A,0.1917,snp,0.08627,A:15913:24544,C:10:25,G:11:28,T:30:10,,,
384,7930,T,A,0.03878,snp,0.08897,A:15708:24612,C:6:11,G:65:26,T:28:8,,,
385,7934,T,G,0.4222,snp,0.1306,A:11:6,C:4:3,G:15946:25321,T:36:18,,,
386,7936,C,G,0.9356,snp,0.03825,A:22:12,C:10:6,G:16034:25685,T:34:24,,,
387,7955,D1,i,0.1504,lp,0.03151,D1:11:2,i:15754:25485,,,,,
388,7957,IC,d,0.04561,lp,0.0369,IAC:1:0,IC:13:2,ICC:2:0,IG:1:0,IGC:1:0,IT:1:0,d:15614:25010
389,7960,IA,d,0.7105,lp,0.318,IA:48:81,IAA:0:2,IT:1:0,d:15688:24740,,,
390,7961,D1,i,0.04778,lp,0.154,D1:17:46,D2:0:1,i:15998:24849,,,,
391,7970,D1,i,0.2582,lp,0.01724,D1:6:1,i:15901:24699,,,,,
392,7984,IAT,d,0.2726,lp,0.01427,IAT:1:5,ICT:0:2,IT:0:20,ITT:0:2,d:18319:23692,,
393,8081,D1,i,0.2925,lp,0.01243,D1:6:2,D2:0:1,D3:1:0,i:33531:30833,,,
394,8110,IT,d,0.3025,lp,0.03622,IT:9:15,d:34429:31803,,,,,
395,8286,IG,d,0.6469,lp,1.803,IA:2:0,IC:0:1,IG:552:605,IGG:8:11,IGGG:0:3,d:30487:32513,
396,8287,D1,i,0.2382,lp,1.012,D1:305:358,D2:7:6,D3:3:1,D4:1:0,i:31329:33534,,
397,8313,T,C,0.8523,snp,0.2635,A:10:11,C:31685:34511,G:8:6,T:90:85,,,
398,8339,D1,i,0.07501,lp,0.01192,D1:7:1,i:31350:35747,,,,,
399,8343,A,G,0.5164,snp,0.1438,A:55:42,C:4:10,G:31326:35953,T:56:20,,,
400,8369,IC,d,0.9751,lp,0.0378,IA:1:0,IC:14:12,d:31527:37238,,,,
401,8371,T,C,0.6293,snp,0.0877,A:7:12,C:31755:37718,G:1:5,T:26:35,,,
402,8377,C,G,0.6607,snp,0.0592,A:9:6,C:21:20,G:31376:37789,T:13:17,,,
403,8412,D1,i,0.9252,lp,0.03296,D1:10:13,i:31005:38746,,,,,
404,8413,IA,d,0.1118,lp,0.05503,IA:12:26,d:30641:38370,,,,,
405,8414,D1,i,0.4393,lp,0.1517,D1:51:55,i:30969:38815,,,,,
406,8434,D1,i,0.8807,lp,0.05094,D1:15:20,D2:2:1,i:30296:38378,,,,
407,8436,IT,d,0.05043,lp,0.0147,IT:1:9,d:29863:38141,,,,,
408,8437,IA,d,0.08888,lp,0.01183,IA:1:7,d:29846:37782,,,,,
409,8484,D1,i,0.9308,lp,0.05414,D1:16:20,i:29059:37397,,,,,
410,8499,D1,i,0.05046,lp,0.01521,D1:1:9,D2:0:1,i:28806:36915,,,,
411,8512,D1,i,0.5627,lp,0.05412,D1:17:18,D2:0:1,i:28257:36378,,,,
412,8532,G,A,0.7332,snp,0.2639,A:27646:34251,C:2:58,G:93:71,T:6:17,,,
413,8569,IA,d,1,lp,0.005214,IA:1:2,d:26074:31459,,,,,
414,8572,C,G,0.06695,snp,0.0243,A:20:14,C:3:11,G:26364:31176,T:8:8,,,
415,8574,D1,i,0.2427,lp,0.01042,D1:1:5,i:26430:31141,,,,,
416,8577,D1,i,1,lp,0.0157,D1:4:5,i:26377:30945,,,,,
417,8632,C,T,0.9405,snp,0.6327,A:14:6,C:204:154,G:37:12,T:24025:32131,,,
418,8633,A,C,0.1671,snp,0.04759,A:8:19,C:24244:32419,G:6:10,T:12:12,,,
419,8649,A,C,0.91,snp,0.2059,A:49:67,C:23431:32740,G:14:7,T:16:22,,,
420,8703,T,C,0.3518,snp,0.4757,A:8:19,C:23119:31453,G:2:5,T:118:143,,,
421,8753,G,A,0.9812,snp,0.1097,A:21768:30119,C:2:2,G:33:24,T:4:8,,,
422,8754,T,A,0.2252,snp,0.02888,A:21864:30017,C:3:12,G:11:20,T:11:4,,,
423,8762,G,T,0.649,snp,0.5914,A:54:9,C:26:29,G:133:170,T:21614:29196,,,
424,8770,G,A,0.4834,snp,0.07802,A:21549:28380,C:2:4,G:20:19,T:5:7,,,
425,8835,IT,d,0.4585,lp,0.07226,IT:11:21,d:18064:26191,,,,,
426,8836,D1,i,0.4869,lp,0.06487,D1:10:19,D2:1:0,i:18241:26436,,,,
427,8868,D1,i,0.2356,lp,0.02621,D1:9:2,D2:0:4,i:16381:25580,,,,
428,8870,D1,i,0.2363,lp,0.02635,D1:9:2,i:16200:25527,,,,,
429,8872,T,C,0.3583,snp,0.07711,A:11:12,C:16136:25299,G:6:4,T:17:15,,,
430,8982,T,G,0.5662,snp,0.07299,A:15:10,C:1:4,G:15791:19774,T:13:13,,,
431,8983,ITT,d,0.1393,lp,0.01957,ITT:6:1,d:16018:19748,,,,,
432,9016,IA,d,0.1149,lp,0.02746,IA:2:8,IG:8:7,d:17744:18642,,,,
433,9017,D1,i,0.6784,lp,0.1875,D1:32:37,i:17955:18782,,,,,
434,9040,C,T,0.03815,snp,0.117,A:3:9,C:12:28,G:7:2,T:18304:15815,,,
435,9042,D1,i,0.04487,lp,0.02619,D1:1:8,i:18500:15851,,,,,
436,9063,IA,d,0.9126,lp,0.1588,IA:33:24,IAA:1:1,ITC:0:1,d:20494:15349,,,
437,9064,D1,i,0.9584,lp,0.1019,D1:21:16,D2:2:0,i:20749:15539,,,,
438,9073,A,G,0.07189,snp,0.6845,A:161:96,C:5:10,G:21270:15986,T:6:12,,,
439,9111,T,G,0.6164,snp,0.04428,A:6:7,C:4:3,G:22434:18177,T:11:7,,,
440,9111,IT,d,0.1395,lp,0.01733,IT:6:1,d:22318:18068,,,,,
441,9114,G,C,0.3394,snp,0.05593,A:8:14,C:22721:18339,G:15:8,T:3:13,,,
442,9190,D1,i,0.5351,lp,0.09909,D1:20:26,i:24092:22283,,,,,
443,9265,D1,i,0.482,lp,0.1133,D1:32:25,D2:2:1,i:25869:24379,,,,
444,9286,A,G,0.1826,snp,0.08381,A:16:26,C:9:11,G:25831:24202,T:8:9,,,
445,9309,IA,d,0.07126,lp,0.01681,IA:1:7,d:23913:23675,,,,,
446,9311,A,T,0.3481,snp,0.03731,A:7:11,C:20:19,G:6:0,T:24114:24072,,,
447,9315,A,G,0.8518,snp,0.04327,A:11:10,C:9:2,G:24400:24077,T:11:9,,,
448,9485,D1,i,0.6039,lp,0.09369,D1:28:22,D2:0:1,i:27904:25414,,,,
449,9511,C,G,0.04518,snp,0.05364,A:17:12,C:8:21,G:29083:24914,T:10:4,,,
450,9556,T,A,0.1423,snp,0.05445,A:30912:27781,C:2:3,G:23:16,T:21:11,,,
451,9558,T,G,0.1575,snp,0.07792,A:8:7,C:5:6,G:31036:27930,T:29:17,,,
452,9610,D1,i,0.7906,lp,0.04778,D1:14:15,D3:0:1,i:32871:27796,,,,
453,9611,IT,d,0.08146,lp,0.01342,IT:1:7,d:32674:26931,,,,,
454,9632,T,G,0.0431,snp,0.1298,A:13:9,C:5:4,G:33155:26832,T:52:26,,,
455,9633,T,G,0.5438,snp,0.05681,A:11:9,C:1:5,G:32995:26797,T:17:17,,,
456,9634,G,C,0.4147,snp,0.06532,A:15:13,C:32817:26788,G:24:15,T:7:24,,,
457,9656,IA,d,0.06204,lp,0.04121,IA:19:6,IC:0:3,d:34901:25740,,,,
458,9675,A,C,0.2194,snp,0.1852,A:57:57,C:34204:27187,G:11:4,T:13:11,,,
459,9726,T,G,0.04107,snp,0.033,A:19:17,C:7:5,G:34310:29264,T:5:16,,,
460,9758,A,G,0.1724,snp,0.09273,A:24:38,C:6:16,G:35127:31544,T:24:80,,,
461,9790,T,G,0.9474,snp,0.04247,A:21:13,C:9:4,G:37199:33355,T:16:14,,,
462,9791,T,G,0.2167,snp,0.0566,A:11:5,C:6:5,G:37237:33366,T:25:15,,,
463,9792,G,A,0.5572,snp,0.08763,A:37261:33404,C:7:6,G:35:27,T:7:8,,,
464,9794,D1,i,0.0656,lp,0.02676,D1:14:5,i:37329:33652,,,,,
465,9800,T,A,0.5368,snp,0.03743,A:38427:33638,C:5:3,G:21:13,T:16:11,,,
466,9803,IA,d,0.1315,lp,0.009765,IA:6:1,d:38356:33318,,,,,
467,9857,T,G,0.05126,snp,0.054,A:12:21,C:18:18,G:38702:33407,T:12:27,,,
468,9858,C,A,0.1373,snp,0.04588,A:38592:33107,C:11:22,G:51:38,T:12:91,,,
469,9861,C,A,0.04292,snp,0.04082,A:38066:32882,C:8:21,G:31:20,T:10:2,,,
470,9937,C,G,0.7729,snp,0.1015,A:12:28,C:32:36,G:32656:34226,T:8:17,,,
471,9938,A,T,0.8085,snp,0.1076,A:38:34,C:26:38,G:21:7,T:32482:34289,,,
472,10077,C,G,0.05482,snp,0.06236,A:23:46,C:12:31,G:29172:39653,T:11:6,,,
473,10078,A,T,0.2531,snp,0.06812,A:16:31,C:20:21,G:30:7,T:29102:39768,,,
474,10082,T,C,0.7195,snp,0.2467,A:6:18,C:28971:40134,G:8:10,T:74:97,,,
475,10084,T,A,0.07346,snp,0.2154,A:28801:40185,C:6:9,G:13:10,T:73:76,,,
476,10088,G,A,0.1531,snp,0.07419,A:28302:40355,C:6:8,G:16:35,T:8:12,,,
477,10104,T,G,0.3284,snp,0.0723,A:7:6,C:3:8,G:28181:40899,T:33:17,,,
478,10151,D1,i,0.07431,lp,0.04312,D1:22:7,i:27160:40062,,,,,
479,10163,A,G,0.1005,snp,0.05606,A:27:10,C:3:10,G:26555:39371,T:11:19,,,
480,10171,C,G,0.195,snp,0.05274,A:10:7,C:10:24,G:25956:38425,T:10:22,,,
481,10196,T,G,0.2828,snp,0.0303,A:12:15,C:4:7,G:23852:35497,T:5:13,,,
482,10203,D1,i,0.1174,lp,0.03082,D1:4:14,D2:1:1,i:23542:34836,,,,
483,10244,C,T,0.3508,snp,0.1702,A:15:10,C:61:29,G:8:24,T:19500:33245,,,
484,10247,IC,d,0.4388,lp,0.01145,IC:1:5,d:19105:33275,,,,,
485,10248,A,T,0.3496,snp,0.01888,A:2:8,C:15:27,G:3:22,T:19241:33656,,,
486,10249,A,G,0.645,snp,0.04158,A:9:13,C:7:9,G:19111:33732,T:23:12,,,
487,10250,A,G,0.8742,snp,0.04523,A:9:15,C:2:12,G:19059:33950,T:5:9,,,
488,10279,G,A,0.3435,snp,0.1049,A:17419:33994,C:0:3,G:15:39,T:3:1,,,
489,10281,A,C,0.6262,snp,0.0563,A:18:11,C:17286:34102,G:14:4,T:25:46,,,
490,10282,T,A,0.5287,snp,0.04274,A:17293:34135,C:1:12,G:6:11,T:6:16,,,
491,10359,IC,d,0.7221,lp,0.02047,IC:2:6,IG:0:1,d:13676:25396,,,,
492,10360,A,T,0.1489,snp,0.09561,A:9:28,C:7:53,G:4:9,T:13791:24799,,,
493,10361,IC,d,0.03698,lp,0.04503,IAC:0:1,IC:2:15,IG:0:6,d:13609:24122,,,
494,10363,IT,d,0.04056,lp,0.06492,ICT:1:1,IGT:0:1,IT:4:20,d:13609:23335,,,
495,10366,A,G,0.1167,snp,0.1679,A:17:44,C:2:9,G:13632:22602,T:4:16,,,
496,10380,C,T,0.05368,snp,0.1748,A:5:10,C:16:40,G:1:3,T:13193:18766,,,
497,10408,T,C,0.4941,snp,2.981,A:7:15,C:11421:17587,G:1:3,T:341:551,,,
498,10466,G,T,0.2634,snp,0.4783,A:31:111,C:26:161,G:41:67,T:9676:12469,,,
499,10489,G,A,0.9271,snp,1.181,A:9097:9399,C:0:1,G:108:113,T:0:1,,,
500,10503,G,A,0.3625,snp,0.7128,A:9555:8314,C:21:33,G:55:74,T:10:35,,,
501,10504,G,A,0.03754,snp,0.6586,A:9595:8153,C:5:24,G:43:75,T:9:13,,,
502,10624,T,C,0.7562,snp,0.4131,A:2:7,C:10012:10949,G:3:1,T:43:44,,,
503,10665,D1,i,1.08,lp,0.02268,D1:2:3,i:10026:12017,,,,,
504,10797,D1,i,1.019,lp,0.03755,D1:1:3,i:3306:7343,,,,,
505,10842,D1,i,1.015,lp,0.1445,D1:2:9,i:1753:5850,,,,,
506,10903,T,A,0.1179,snp,0.9005,A:463:3708,C:0:7,G:0:4,T:1:37,,,
507,10923,G,A,0.502,snp,1.044,A:230:1852,C:0:2,G:1:21,T:0:1,,,
508,10956,C,T,1,snp,4.193,A:0:6,C:3:44,G:0:2,T:80:986,,,
509,10959,C,T,0.5709,snp,5.161,A:0:5,C:2:46,G:0:7,T:64:806,,,
